Gender,Future Setting,Future Place,Skill 1,Skill 2,Skill 3,Skill 4,Skill 5,Strand
Male,Abroad,Flexibility,Leadership,Self motivation,Team Work,Analytical Ability,Time Management,GAS
Male,Suburban Area,Flexibility,Written Communication,Self motivation,Problem Solving,Time Management,Decision Making,ABM
Male,City,Move Often,Leadership,Verbal Communication,Flexibility,Numeracy,Written Communication,TVL
Male,City,Stay in one place,Time Management,Leadership,Problem Solving,Verbal Communication,Leadership,HUMSS
Female,Flexible,Work from anywhere,Leadership,Analytical Ability,Analytical Ability,Negotiating,Flexibility,GAS
Male,Rural Area,Work from anywhere,Numeracy,Written Communication,Analytical Ability,Time Management,Self motivation,ABM
Male,Suburban Area,Flexibility,Commercial Awareness,Analytical Ability,Team Work,Analytical Ability,Creative Thinking,ABM
Male,Rural Area,Work from anywhere,Time Management,Decision Making,Decision Making,Self motivation,Self motivation,HUMSS
Male,Suburban Area,Flexibility,Verbal Communication,Numeracy,Time Management,Time Management,Team Work,ABM
Female,Flexible,Move Often,Written Communication,Problem Solving,Time Management,Self motivation,Analytical Ability,TVL
Female,Flexible,Flexibility,Analytical Ability,Written Communication,Creative Thinking,Leadership,Time Management,HUMSS
Male,Suburban Area,Stay in one place,Creative Thinking,Numeracy,Commercial Awareness,Commercial Awareness,Verbal Communication,STEM
Male,Rural Area,Move Often,Time Management,Self motivation,Negotiating,Decision Making,Written Communication,STEM
Female,City,Flexibility,Negotiating,Team Work,Problem Solving,Team Work,Analytical Ability,STEM
Male,Abroad,Move Often,Decision Making,Creative Thinking,Time Management,Team Work,Analytical Ability,GAS
Male,Abroad,Move Often,Problem Solving,Analytical Ability,Time Management,Verbal Communication,Numeracy,STEM
Male,Flexible,Work from anywhere,Analytical Ability,Flexibility,Problem Solving,Commercial Awareness,Negotiating,HUMSS
Male,Abroad,Work from anywhere,Problem Solving,Self motivation,Flexibility,Decision Making,Flexibility,STEM
Female,City,Flexibility,Problem Solving,Negotiating,Team Work,Creative Thinking,Problem Solving,TVL
Male,Rural Area,Stay in one place,Analytical Ability,Team Work,Self motivation,Decision Making,Analytical Ability,TVL
Female,Suburban Area,Flexibility,Decision Making,Analytical Ability,Problem Solving,Analytical Ability,Negotiating,STEM
Female,Flexible,Work from anywhere,Problem Solving,Decision Making,Team Work,Decision Making,Decision Making,TVL
Female,Rural Area,Stay in one place,Team Work,Numeracy,Leadership,Commercial Awareness,Numeracy,TVL
Female,Suburban Area,Move Often,Self motivation,Numeracy,Negotiating,Negotiating,Time Management,ABM
Female,City,Move Often,Team Work,Written Communication,Self motivation,Flexibility,Negotiating,STEM
Male,Flexible,Move Often,Verbal Communication,Self motivation,Written Communication,Decision Making,Written Communication,GAS
Male,Suburban Area,Work from anywhere,Analytical Ability,Creative Thinking,Self motivation,Team Work,Self motivation,ABM
Female,Suburban Area,Work from anywhere,Negotiating,Flexibility,Creative Thinking,Leadership,Numeracy,HUMSS
Male,City,Flexibility,Decision Making,Written Communication,Analytical Ability,Commercial Awareness,Commercial Awareness,TVL
Female,City,Flexibility,Problem Solving,Flexibility,Negotiating,Negotiating,Numeracy,TVL
Male,Suburban Area,Work from anywhere,Self motivation,Problem Solving,Flexibility,Written Communication,Creative Thinking,ABM
Female,Suburban Area,Move Often,Decision Making,Verbal Communication,Verbal Communication,Decision Making,Time Management,ABM
Male,Rural Area,Move Often,Negotiating,Flexibility,Leadership,Numeracy,Analytical Ability,GAS
Male,Flexible,Stay in one place,Creative Thinking,Numeracy,Leadership,Flexibility,Flexibility,HUMSS
Female,Suburban Area,Stay in one place,Decision Making,Decision Making,Self motivation,Time Management,Numeracy,TVL
Female,City,Work from anywhere,Negotiating,Decision Making,Problem Solving,Written Communication,Negotiating,TVL
Female,Rural Area,Move Often,Analytical Ability,Leadership,Written Communication,Numeracy,Self motivation,HUMSS
Female,Suburban Area,Flexibility,Analytical Ability,Team Work,Written Communication,Written Communication,Problem Solving,ABM
Male,City,Move Often,Flexibility,Numeracy,Decision Making,Problem Solving,Decision Making,STEM
Female,Flexible,Move Often,Creative Thinking,Decision Making,Self motivation,Commercial Awareness,Problem Solving,STEM
Female,City,Stay in one place,Creative Thinking,Leadership,Problem Solving,Verbal Communication,Analytical Ability,HUMSS
Male,City,Flexibility,Problem Solving,Self motivation,Flexibility,Leadership,Decision Making,ABM
Male,Suburban Area,Move Often,Written Communication,Self motivation,Time Management,Decision Making,Creative Thinking,STEM
Female,Suburban Area,Flexibility,Numeracy,Analytical Ability,Written Communication,Leadership,Leadership,ABM
Male,City,Flexibility,Flexibility,Decision Making,Negotiating,Self motivation,Verbal Communication,ABM
Female,Abroad,Work from anywhere,Creative Thinking,Decision Making,Commercial Awareness,Analytical Ability,Written Communication,TVL
Female,Rural Area,Flexibility,Team Work,Commercial Awareness,Negotiating,Creative Thinking,Problem Solving,STEM
Male,City,Flexibility,Creative Thinking,Verbal Communication,Numeracy,Leadership,Self motivation,HUMSS
Male,Flexible,Move Often,Commercial Awareness,Negotiating,Flexibility,Problem Solving,Flexibility,ABM
Male,Suburban Area,Work from anywhere,Problem Solving,Team Work,Verbal Communication,Negotiating,Leadership,ABM
Female,City,Work from anywhere,Verbal Communication,Analytical Ability,Time Management,Time Management,Flexibility,GAS
Male,City,Work from anywhere,Decision Making,Negotiating,Creative Thinking,Team Work,Verbal Communication,TVL
Male,City,Stay in one place,Time Management,Written Communication,Leadership,Verbal Communication,Commercial Awareness,GAS
Male,Suburban Area,Work from anywhere,Negotiating,Team Work,Negotiating,Time Management,Negotiating,ABM
Female,Flexible,Move Often,Commercial Awareness,Commercial Awareness,Commercial Awareness,Verbal Communication,Numeracy,ABM
Female,Flexible,Stay in one place,Team Work,Self motivation,Negotiating,Creative Thinking,Negotiating,TVL
Female,Rural Area,Stay in one place,Decision Making,Verbal Communication,Leadership,Verbal Communication,Problem Solving,GAS
Male,City,Work from anywhere,Commercial Awareness,Time Management,Analytical Ability,Problem Solving,Negotiating,ABM
Male,City,Flexibility,Flexibility,Problem Solving,Analytical Ability,Team Work,Numeracy,GAS
Male,City,Flexibility,Decision Making,Written Communication,Creative Thinking,Leadership,Self motivation,TVL
Male,Abroad,Stay in one place,Commercial Awareness,Self motivation,Problem Solving,Flexibility,Creative Thinking,STEM
Female,Abroad,Move Often,Self motivation,Written Communication,Team Work,Problem Solving,Verbal Communication,STEM
Female,Abroad,Stay in one place,Decision Making,Negotiating,Self motivation,Numeracy,Self motivation,STEM
Male,Rural Area,Move Often,Written Communication,Verbal Communication,Team Work,Creative Thinking,Decision Making,ABM
Male,Flexible,Flexibility,Verbal Communication,Team Work,Written Communication,Leadership,Self motivation,TVL
Female,Suburban Area,Work from anywhere,Negotiating,Leadership,Creative Thinking,Commercial Awareness,Team Work,STEM
Female,Abroad,Move Often,Team Work,Negotiating,Flexibility,Time Management,Leadership,HUMSS
Female,Flexible,Work from anywhere,Creative Thinking,Self motivation,Problem Solving,Leadership,Problem Solving,GAS
Male,Flexible,Move Often,Numeracy,Commercial Awareness,Self motivation,Leadership,Self motivation,GAS
Male,Suburban Area,Work from anywhere,Team Work,Numeracy,Numeracy,Creative Thinking,Analytical Ability,HUMSS
Male,Abroad,Work from anywhere,Numeracy,Written Communication,Team Work,Analytical Ability,Decision Making,TVL
Male,City,Flexibility,Self motivation,Analytical Ability,Verbal Communication,Problem Solving,Decision Making,GAS
Female,City,Stay in one place,Time Management,Creative Thinking,Numeracy,Creative Thinking,Problem Solving,GAS
Female,Suburban Area,Move Often,Verbal Communication,Negotiating,Flexibility,Leadership,Leadership,ABM
Male,Abroad,Move Often,Numeracy,Written Communication,Creative Thinking,Time Management,Team Work,TVL
Male,Flexible,Flexibility,Numeracy,Verbal Communication,Commercial Awareness,Leadership,Self motivation,TVL
Male,Flexible,Move Often,Numeracy,Self motivation,Negotiating,Self motivation,Time Management,STEM
Female,City,Move Often,Problem Solving,Flexibility,Commercial Awareness,Commercial Awareness,Decision Making,STEM
Male,City,Stay in one place,Verbal Communication,Negotiating,Team Work,Decision Making,Verbal Communication,HUMSS
Female,Rural Area,Work from anywhere,Decision Making,Self motivation,Leadership,Leadership,Written Communication,ABM
Male,Suburban Area,Stay in one place,Numeracy,Written Communication,Written Communication,Commercial Awareness,Numeracy,HUMSS
Female,Suburban Area,Work from anywhere,Team Work,Leadership,Leadership,Analytical Ability,Problem Solving,HUMSS
Female,Rural Area,Move Often,Problem Solving,Commercial Awareness,Decision Making,Flexibility,Self motivation,STEM
Female,Rural Area,Stay in one place,Written Communication,Decision Making,Analytical Ability,Self motivation,Verbal Communication,GAS
Female,City,Work from anywhere,Decision Making,Problem Solving,Commercial Awareness,Negotiating,Verbal Communication,GAS
Female,Abroad,Work from anywhere,Negotiating,Problem Solving,Flexibility,Self motivation,Flexibility,HUMSS
Male,Flexible,Stay in one place,Creative Thinking,Commercial Awareness,Analytical Ability,Numeracy,Analytical Ability,ABM
Female,Abroad,Stay in one place,Time Management,Problem Solving,Negotiating,Commercial Awareness,Problem Solving,GAS
Male,Abroad,Move Often,Negotiating,Analytical Ability,Creative Thinking,Self motivation,Written Communication,TVL
Female,Suburban Area,Stay in one place,Analytical Ability,Team Work,Verbal Communication,Numeracy,Analytical Ability,HUMSS
Male,City,Work from anywhere,Commercial Awareness,Self motivation,Analytical Ability,Flexibility,Negotiating,TVL
Male,City,Work from anywhere,Written Communication,Self motivation,Creative Thinking,Decision Making,Written Communication,HUMSS
Male,Flexible,Flexibility,Team Work,Analytical Ability,Flexibility,Creative Thinking,Written Communication,HUMSS
Female,City,Work from anywhere,Numeracy,Verbal Communication,Negotiating,Flexibility,Analytical Ability,TVL
Male,Rural Area,Work from anywhere,Commercial Awareness,Decision Making,Commercial Awareness,Numeracy,Time Management,GAS
Female,Suburban Area,Work from anywhere,Commercial Awareness,Problem Solving,Creative Thinking,Leadership,Leadership,HUMSS
Male,Flexible,Stay in one place,Written Communication,Analytical Ability,Negotiating,Team Work,Negotiating,ABM
Male,Abroad,Work from anywhere,Self motivation,Team Work,Decision Making,Leadership,Self motivation,STEM
Male,Flexible,Move Often,Leadership,Numeracy,Verbal Communication,Numeracy,Flexibility,STEM
Male,Suburban Area,Flexibility,Problem Solving,Numeracy,Commercial Awareness,Negotiating,Self motivation,TVL
Female,Suburban Area,Flexibility,Leadership,Self motivation,Team Work,Leadership,Verbal Communication,STEM
Female,Abroad,Move Often,Flexibility,Self motivation,Problem Solving,Self motivation,Written Communication,GAS
Male,Rural Area,Flexibility,Commercial Awareness,Leadership,Time Management,Verbal Communication,Written Communication,ABM
Male,Suburban Area,Flexibility,Problem Solving,Negotiating,Leadership,Self motivation,Decision Making,HUMSS
Male,Rural Area,Work from anywhere,Commercial Awareness,Negotiating,Time Management,Commercial Awareness,Time Management,TVL
Male,Rural Area,Move Often,Commercial Awareness,Negotiating,Numeracy,Verbal Communication,Flexibility,TVL
Male,Abroad,Flexibility,Verbal Communication,Time Management,Written Communication,Decision Making,Time Management,STEM
Male,Rural Area,Stay in one place,Team Work,Team Work,Team Work,Creative Thinking,Written Communication,STEM
Male,Suburban Area,Stay in one place,Flexibility,Negotiating,Team Work,Written Communication,Verbal Communication,ABM
Female,Suburban Area,Stay in one place,Commercial Awareness,Verbal Communication,Commercial Awareness,Decision Making,Verbal Communication,ABM
Female,Abroad,Flexibility,Negotiating,Numeracy,Commercial Awareness,Team Work,Leadership,GAS
Male,Flexible,Move Often,Commercial Awareness,Commercial Awareness,Creative Thinking,Negotiating,Flexibility,ABM
Female,City,Move Often,Leadership,Team Work,Leadership,Verbal Communication,Flexibility,HUMSS
Female,Suburban Area,Flexibility,Creative Thinking,Leadership,Analytical Ability,Written Communication,Problem Solving,HUMSS
Male,Abroad,Flexibility,Creative Thinking,Problem Solving,Negotiating,Numeracy,Verbal Communication,TVL
Male,City,Work from anywhere,Numeracy,Self motivation,Negotiating,Verbal Communication,Written Communication,ABM
Female,Suburban Area,Flexibility,Numeracy,Flexibility,Creative Thinking,Leadership,Flexibility,STEM
Female,City,Flexibility,Self motivation,Commercial Awareness,Analytical Ability,Self motivation,Leadership,GAS
Male,Flexible,Move Often,Team Work,Written Communication,Leadership,Time Management,Team Work,GAS
Male,Abroad,Move Often,Commercial Awareness,Self motivation,Creative Thinking,Creative Thinking,Leadership,STEM
Female,Rural Area,Stay in one place,Team Work,Verbal Communication,Leadership,Team Work,Verbal Communication,GAS
Female,Flexible,Stay in one place,Team Work,Flexibility,Self motivation,Numeracy,Flexibility,STEM
Female,City,Stay in one place,Team Work,Flexibility,Decision Making,Negotiating,Leadership,GAS
Female,City,Work from anywhere,Commercial Awareness,Flexibility,Team Work,Flexibility,Problem Solving,HUMSS
Male,Abroad,Move Often,Team Work,Analytical Ability,Verbal Communication,Verbal Communication,Analytical Ability,HUMSS
Female,Rural Area,Work from anywhere,Problem Solving,Numeracy,Problem Solving,Time Management,Analytical Ability,STEM
Male,City,Work from anywhere,Written Communication,Problem Solving,Time Management,Creative Thinking,Decision Making,ABM
Male,Suburban Area,Flexibility,Leadership,Decision Making,Commercial Awareness,Team Work,Analytical Ability,HUMSS
Female,City,Flexibility,Creative Thinking,Creative Thinking,Creative Thinking,Analytical Ability,Numeracy,STEM
Male,Flexible,Move Often,Numeracy,Numeracy,Decision Making,Commercial Awareness,Numeracy,HUMSS
Male,Suburban Area,Flexibility,Team Work,Self motivation,Creative Thinking,Written Communication,Negotiating,TVL
Male,City,Flexibility,Flexibility,Flexibility,Flexibility,Creative Thinking,Negotiating,ABM
Male,Rural Area,Move Often,Analytical Ability,Decision Making,Flexibility,Time Management,Negotiating,HUMSS
Male,Abroad,Flexibility,Verbal Communication,Problem Solving,Team Work,Team Work,Negotiating,HUMSS
Male,Flexible,Stay in one place,Verbal Communication,Time Management,Verbal Communication,Creative Thinking,Commercial Awareness,ABM
Female,Suburban Area,Stay in one place,Commercial Awareness,Self motivation,Analytical Ability,Numeracy,Creative Thinking,TVL
Female,Flexible,Move Often,Problem Solving,Numeracy,Decision Making,Team Work,Analytical Ability,GAS
Female,Abroad,Move Often,Negotiating,Commercial Awareness,Analytical Ability,Leadership,Problem Solving,ABM
Male,Suburban Area,Flexibility,Written Communication,Creative Thinking,Numeracy,Self motivation,Decision Making,HUMSS
Female,Flexible,Stay in one place,Self motivation,Problem Solving,Written Communication,Commercial Awareness,Written Communication,GAS
Female,Flexible,Flexibility,Time Management,Verbal Communication,Analytical Ability,Analytical Ability,Verbal Communication,HUMSS
Male,City,Move Often,Verbal Communication,Analytical Ability,Negotiating,Negotiating,Flexibility,TVL
Male,City,Stay in one place,Numeracy,Creative Thinking,Creative Thinking,Decision Making,Problem Solving,GAS
Male,Suburban Area,Stay in one place,Creative Thinking,Commercial Awareness,Flexibility,Creative Thinking,Flexibility,ABM
Male,Rural Area,Work from anywhere,Decision Making,Creative Thinking,Team Work,Team Work,Written Communication,GAS
Female,Rural Area,Work from anywhere,Written Communication,Analytical Ability,Self motivation,Written Communication,Creative Thinking,ABM
Female,City,Move Often,Problem Solving,Self motivation,Analytical Ability,Written Communication,Creative Thinking,ABM
Male,Suburban Area,Stay in one place,Written Communication,Verbal Communication,Self motivation,Written Communication,Flexibility,ABM
Female,City,Work from anywhere,Leadership,Numeracy,Commercial Awareness,Commercial Awareness,Flexibility,GAS
Female,Rural Area,Stay in one place,Self motivation,Flexibility,Time Management,Time Management,Analytical Ability,STEM
Female,Rural Area,Flexibility,Creative Thinking,Problem Solving,Time Management,Written Communication,Flexibility,STEM
Female,Flexible,Stay in one place,Flexibility,Flexibility,Leadership,Time Management,Creative Thinking,STEM
Female,City,Flexibility,Negotiating,Verbal Communication,Analytical Ability,Self motivation,Verbal Communication,GAS
Male,Abroad,Stay in one place,Analytical Ability,Problem Solving,Decision Making,Flexibility,Self motivation,TVL
Female,Flexible,Flexibility,Analytical Ability,Decision Making,Commercial Awareness,Problem Solving,Team Work,HUMSS
Female,City,Move Often,Creative Thinking,Team Work,Numeracy,Commercial Awareness,Flexibility,HUMSS
Male,Flexible,Work from anywhere,Numeracy,Analytical Ability,Numeracy,Verbal Communication,Negotiating,HUMSS
Male,Flexible,Move Often,Team Work,Flexibility,Leadership,Team Work,Negotiating,STEM
Female,Suburban Area,Stay in one place,Commercial Awareness,Self motivation,Team Work,Verbal Communication,Team Work,TVL
Male,City,Flexibility,Written Communication,Numeracy,Negotiating,Negotiating,Written Communication,GAS
Male,Flexible,Work from anywhere,Decision Making,Written Communication,Analytical Ability,Verbal Communication,Verbal Communication,HUMSS
Male,Suburban Area,Move Often,Problem Solving,Time Management,Creative Thinking,Analytical Ability,Decision Making,STEM
Female,Suburban Area,Work from anywhere,Flexibility,Team Work,Analytical Ability,Flexibility,Negotiating,HUMSS
Male,Abroad,Work from anywhere,Written Communication,Verbal Communication,Time Management,Team Work,Problem Solving,TVL
Female,Suburban Area,Move Often,Commercial Awareness,Flexibility,Leadership,Self motivation,Self motivation,STEM
Female,City,Flexibility,Leadership,Time Management,Creative Thinking,Leadership,Leadership,HUMSS
Female,Abroad,Stay in one place,Creative Thinking,Creative Thinking,Numeracy,Self motivation,Analytical Ability,STEM
Male,Rural Area,Move Often,Negotiating,Team Work,Time Management,Problem Solving,Commercial Awareness,ABM
Male,Rural Area,Flexibility,Written Communication,Problem Solving,Numeracy,Verbal Communication,Analytical Ability,STEM
Female,Flexible,Work from anywhere,Self motivation,Written Communication,Creative Thinking,Time Management,Team Work,STEM
Female,Rural Area,Stay in one place,Numeracy,Commercial Awareness,Decision Making,Team Work,Decision Making,ABM
Female,Abroad,Work from anywhere,Decision Making,Creative Thinking,Decision Making,Leadership,Flexibility,STEM
Female,Flexible,Stay in one place,Numeracy,Written Communication,Written Communication,Leadership,Decision Making,GAS
Male,Flexible,Stay in one place,Decision Making,Problem Solving,Analytical Ability,Problem Solving,Written Communication,ABM
Female,Rural Area,Work from anywhere,Creative Thinking,Team Work,Leadership,Analytical Ability,Time Management,STEM
Female,Flexible,Flexibility,Time Management,Creative Thinking,Analytical Ability,Commercial Awareness,Negotiating,GAS
Female,Abroad,Move Often,Numeracy,Negotiating,Creative Thinking,Team Work,Self motivation,TVL
Female,City,Work from anywhere,Self motivation,Decision Making,Analytical Ability,Verbal Communication,Creative Thinking,GAS
Female,Abroad,Flexibility,Problem Solving,Time Management,Flexibility,Problem Solving,Commercial Awareness,STEM
Female,Abroad,Stay in one place,Team Work,Numeracy,Time Management,Creative Thinking,Team Work,TVL
Female,Abroad,Flexibility,Analytical Ability,Creative Thinking,Commercial Awareness,Creative Thinking,Commercial Awareness,ABM
Female,City,Flexibility,Time Management,Time Management,Analytical Ability,Flexibility,Commercial Awareness,ABM
Male,Rural Area,Move Often,Creative Thinking,Written Communication,Flexibility,Problem Solving,Negotiating,TVL
Female,Rural Area,Flexibility,Negotiating,Leadership,Numeracy,Time Management,Leadership,GAS
Male,Suburban Area,Stay in one place,Numeracy,Decision Making,Leadership,Analytical Ability,Written Communication,STEM
Female,Abroad,Work from anywhere,Time Management,Time Management,Written Communication,Verbal Communication,Flexibility,ABM
Female,Flexible,Work from anywhere,Problem Solving,Creative Thinking,Written Communication,Leadership,Verbal Communication,STEM
Female,Flexible,Move Often,Problem Solving,Analytical Ability,Written Communication,Negotiating,Leadership,ABM
Male,Abroad,Work from anywhere,Leadership,Team Work,Problem Solving,Self motivation,Creative Thinking,GAS
Female,Rural Area,Work from anywhere,Numeracy,Team Work,Problem Solving,Analytical Ability,Time Management,TVL
Male,Flexible,Stay in one place,Numeracy,Written Communication,Written Communication,Problem Solving,Team Work,TVL
Female,Abroad,Flexibility,Analytical Ability,Time Management,Team Work,Commercial Awareness,Numeracy,ABM
Male,Flexible,Work from anywhere,Creative Thinking,Problem Solving,Verbal Communication,Commercial Awareness,Commercial Awareness,STEM
Male,Flexible,Flexibility,Negotiating,Written Communication,Commercial Awareness,Flexibility,Verbal Communication,TVL
Male,Abroad,Flexibility,Verbal Communication,Flexibility,Verbal Communication,Commercial Awareness,Time Management,HUMSS
Female,City,Work from anywhere,Analytical Ability,Team Work,Analytical Ability,Analytical Ability,Commercial Awareness,GAS
Female,Rural Area,Move Often,Numeracy,Written Communication,Creative Thinking,Leadership,Negotiating,ABM
Female,Suburban Area,Flexibility,Verbal Communication,Time Management,Creative Thinking,Negotiating,Analytical Ability,TVL
Male,City,Stay in one place,Leadership,Negotiating,Numeracy,Numeracy,Problem Solving,STEM
Female,Abroad,Stay in one place,Written Communication,Self motivation,Leadership,Verbal Communication,Time Management,ABM
Female,City,Stay in one place,Flexibility,Verbal Communication,Numeracy,Written Communication,Time Management,TVL
Male,Abroad,Work from anywhere,Self motivation,Negotiating,Commercial Awareness,Numeracy,Creative Thinking,TVL
Female,Abroad,Flexibility,Negotiating,Analytical Ability,Self motivation,Self motivation,Written Communication,STEM
Female,Suburban Area,Stay in one place,Problem Solving,Team Work,Written Communication,Self motivation,Flexibility,GAS
Male,Flexible,Work from anywhere,Commercial Awareness,Self motivation,Flexibility,Creative Thinking,Numeracy,ABM
Male,Flexible,Work from anywhere,Commercial Awareness,Decision Making,Verbal Communication,Verbal Communication,Self motivation,STEM
Female,Abroad,Move Often,Numeracy,Problem Solving,Written Communication,Commercial Awareness,Time Management,HUMSS
Female,Rural Area,Flexibility,Creative Thinking,Analytical Ability,Creative Thinking,Written Communication,Negotiating,ABM
Male,Rural Area,Work from anywhere,Flexibility,Leadership,Time Management,Commercial Awareness,Negotiating,GAS
Female,Flexible,Work from anywhere,Flexibility,Verbal Communication,Commercial Awareness,Flexibility,Creative Thinking,HUMSS
Male,Flexible,Stay in one place,Flexibility,Negotiating,Written Communication,Verbal Communication,Decision Making,ABM
Male,Rural Area,Move Often,Commercial Awareness,Creative Thinking,Problem Solving,Numeracy,Verbal Communication,TVL
Female,Suburban Area,Flexibility,Flexibility,Commercial Awareness,Numeracy,Commercial Awareness,Leadership,STEM
Male,Abroad,Stay in one place,Team Work,Decision Making,Creative Thinking,Negotiating,Negotiating,TVL
Male,Rural Area,Work from anywhere,Numeracy,Problem Solving,Decision Making,Flexibility,Creative Thinking,ABM
Female,Rural Area,Flexibility,Negotiating,Decision Making,Self motivation,Self motivation,Creative Thinking,HUMSS
Female,Flexible,Move Often,Creative Thinking,Numeracy,Self motivation,Self motivation,Flexibility,GAS
Male,Suburban Area,Work from anywhere,Written Communication,Analytical Ability,Negotiating,Analytical Ability,Creative Thinking,TVL
Female,City,Work from anywhere,Creative Thinking,Analytical Ability,Problem Solving,Problem Solving,Commercial Awareness,HUMSS
Male,Abroad,Work from anywhere,Flexibility,Decision Making,Flexibility,Self motivation,Self motivation,STEM
Male,City,Move Often,Numeracy,Time Management,Self motivation,Verbal Communication,Written Communication,HUMSS
Male,Rural Area,Move Often,Self motivation,Analytical Ability,Verbal Communication,Self motivation,Commercial Awareness,TVL
Male,Suburban Area,Move Often,Self motivation,Numeracy,Analytical Ability,Negotiating,Numeracy,STEM
Female,Abroad,Move Often,Leadership,Decision Making,Time Management,Numeracy,Leadership,ABM
Male,Rural Area,Stay in one place,Time Management,Decision Making,Flexibility,Flexibility,Decision Making,HUMSS
Female,Rural Area,Move Often,Numeracy,Verbal Communication,Analytical Ability,Problem Solving,Leadership,ABM
Female,Rural Area,Move Often,Problem Solving,Flexibility,Flexibility,Negotiating,Written Communication,GAS
Male,City,Flexibility,Written Communication,Team Work,Leadership,Team Work,Decision Making,ABM
Male,City,Move Often,Analytical Ability,Self motivation,Creative Thinking,Problem Solving,Decision Making,HUMSS
Male,Suburban Area,Move Often,Commercial Awareness,Decision Making,Time Management,Leadership,Team Work,HUMSS
Male,City,Work from anywhere,Analytical Ability,Negotiating,Written Communication,Team Work,Decision Making,ABM
Female,Abroad,Flexibility,Leadership,Negotiating,Numeracy,Decision Making,Commercial Awareness,GAS
Female,Abroad,Move Often,Verbal Communication,Creative Thinking,Creative Thinking,Flexibility,Verbal Communication,TVL
Female,Rural Area,Move Often,Commercial Awareness,Time Management,Analytical Ability,Team Work,Decision Making,ABM
Female,Flexible,Move Often,Problem Solving,Analytical Ability,Decision Making,Decision Making,Verbal Communication,STEM
Male,City,Flexibility,Leadership,Problem Solving,Commercial Awareness,Problem Solving,Flexibility,STEM
Male,City,Move Often,Team Work,Team Work,Verbal Communication,Decision Making,Numeracy,HUMSS
Male,Suburban Area,Work from anywhere,Problem Solving,Team Work,Creative Thinking,Negotiating,Self motivation,ABM
Male,Abroad,Move Often,Numeracy,Decision Making,Commercial Awareness,Self motivation,Verbal Communication,GAS
Male,Flexible,Move Often,Problem Solving,Commercial Awareness,Numeracy,Verbal Communication,Flexibility,STEM
Female,Suburban Area,Move Often,Self motivation,Self motivation,Time Management,Numeracy,Leadership,TVL
Female,Flexible,Move Often,Verbal Communication,Decision Making,Self motivation,Time Management,Time Management,TVL
Male,Flexible,Flexibility,Problem Solving,Team Work,Self motivation,Verbal Communication,Negotiating,TVL
Female,Suburban Area,Stay in one place,Time Management,Commercial Awareness,Self motivation,Self motivation,Creative Thinking,GAS
Female,Abroad,Stay in one place,Flexibility,Commercial Awareness,Decision Making,Self motivation,Written Communication,TVL
Female,Suburban Area,Work from anywhere,Negotiating,Problem Solving,Negotiating,Written Communication,Leadership,HUMSS
Female,City,Move Often,Negotiating,Time Management,Self motivation,Problem Solving,Commercial Awareness,STEM
Male,Suburban Area,Move Often,Problem Solving,Analytical Ability,Verbal Communication,Flexibility,Numeracy,STEM
Female,Abroad,Move Often,Commercial Awareness,Problem Solving,Numeracy,Team Work,Written Communication,HUMSS
Male,Rural Area,Move Often,Numeracy,Self motivation,Creative Thinking,Decision Making,Creative Thinking,ABM
Male,Abroad,Flexibility,Commercial Awareness,Problem Solving,Time Management,Problem Solving,Self motivation,ABM
Male,Flexible,Move Often,Commercial Awareness,Verbal Communication,Flexibility,Numeracy,Decision Making,HUMSS
Male,Flexible,Move Often,Leadership,Leadership,Decision Making,Self motivation,Written Communication,HUMSS
Female,Suburban Area,Work from anywhere,Flexibility,Analytical Ability,Commercial Awareness,Numeracy,Analytical Ability,HUMSS
Female,Abroad,Move Often,Numeracy,Flexibility,Problem Solving,Negotiating,Numeracy,ABM
Female,City,Stay in one place,Numeracy,Analytical Ability,Numeracy,Analytical Ability,Leadership,GAS
Male,Flexible,Work from anywhere,Creative Thinking,Time Management,Leadership,Negotiating,Analytical Ability,STEM
Female,Rural Area,Work from anywhere,Creative Thinking,Creative Thinking,Problem Solving,Creative Thinking,Problem Solving,STEM
Female,Flexible,Stay in one place,Team Work,Team Work,Commercial Awareness,Numeracy,Self motivation,HUMSS
Female,Suburban Area,Move Often,Decision Making,Decision Making,Commercial Awareness,Flexibility,Time Management,TVL
Female,City,Work from anywhere,Analytical Ability,Flexibility,Creative Thinking,Flexibility,Creative Thinking,ABM
Male,Rural Area,Stay in one place,Analytical Ability,Written Communication,Problem Solving,Decision Making,Time Management,HUMSS
Male,Flexible,Work from anywhere,Flexibility,Commercial Awareness,Creative Thinking,Negotiating,Flexibility,GAS
Male,Flexible,Move Often,Decision Making,Commercial Awareness,Creative Thinking,Flexibility,Time Management,STEM
Female,Flexible,Move Often,Team Work,Analytical Ability,Leadership,Negotiating,Negotiating,ABM
Male,Rural Area,Work from anywhere,Decision Making,Flexibility,Verbal Communication,Numeracy,Verbal Communication,ABM
Female,Abroad,Stay in one place,Verbal Communication,Team Work,Team Work,Team Work,Leadership,ABM
Female,City,Flexibility,Commercial Awareness,Time Management,Decision Making,Analytical Ability,Flexibility,ABM
Male,Suburban Area,Move Often,Numeracy,Verbal Communication,Numeracy,Verbal Communication,Negotiating,TVL
Male,Rural Area,Move Often,Team Work,Team Work,Verbal Communication,Negotiating,Problem Solving,HUMSS
Female,Rural Area,Stay in one place,Commercial Awareness,Team Work,Analytical Ability,Verbal Communication,Analytical Ability,TVL
Male,Flexible,Flexibility,Verbal Communication,Flexibility,Written Communication,Written Communication,Creative Thinking,TVL
Male,Abroad,Stay in one place,Leadership,Time Management,Creative Thinking,Creative Thinking,Self motivation,STEM
Female,City,Move Often,Analytical Ability,Flexibility,Time Management,Problem Solving,Leadership,ABM
Female,Suburban Area,Flexibility,Team Work,Time Management,Flexibility,Written Communication,Verbal Communication,ABM
Female,Abroad,Move Often,Written Communication,Flexibility,Decision Making,Creative Thinking,Written Communication,TVL
Male,Rural Area,Work from anywhere,Negotiating,Problem Solving,Self motivation,Flexibility,Creative Thinking,STEM
Female,City,Move Often,Time Management,Numeracy,Written Communication,Negotiating,Verbal Communication,HUMSS
Female,Suburban Area,Work from anywhere,Negotiating,Team Work,Written Communication,Time Management,Verbal Communication,GAS
Female,Abroad,Work from anywhere,Leadership,Time Management,Flexibility,Written Communication,Team Work,TVL
Female,Flexible,Stay in one place,Creative Thinking,Verbal Communication,Time Management,Commercial Awareness,Time Management,HUMSS
Female,Abroad,Move Often,Problem Solving,Time Management,Leadership,Time Management,Time Management,GAS
Female,City,Move Often,Commercial Awareness,Creative Thinking,Analytical Ability,Self motivation,Numeracy,GAS
Male,Flexible,Flexibility,Problem Solving,Negotiating,Time Management,Decision Making,Team Work,ABM
Female,Flexible,Move Often,Verbal Communication,Analytical Ability,Creative Thinking,Commercial Awareness,Numeracy,ABM
Male,Suburban Area,Stay in one place,Verbal Communication,Verbal Communication,Written Communication,Commercial Awareness,Creative Thinking,ABM
Female,City,Move Often,Leadership,Numeracy,Flexibility,Creative Thinking,Negotiating,ABM
Female,Suburban Area,Flexibility,Problem Solving,Creative Thinking,Decision Making,Flexibility,Negotiating,HUMSS
Male,Suburban Area,Work from anywhere,Decision Making,Self motivation,Leadership,Flexibility,Creative Thinking,GAS
Female,Abroad,Work from anywhere,Negotiating,Problem Solving,Flexibility,Numeracy,Team Work,ABM
Male,City,Work from anywhere,Time Management,Team Work,Verbal Communication,Flexibility,Analytical Ability,HUMSS
Male,Suburban Area,Move Often,Negotiating,Leadership,Leadership,Creative Thinking,Time Management,TVL
Male,Flexible,Move Often,Verbal Communication,Verbal Communication,Team Work,Flexibility,Decision Making,GAS
Male,Suburban Area,Stay in one place,Negotiating,Team Work,Analytical Ability,Self motivation,Time Management,STEM
Male,Suburban Area,Flexibility,Problem Solving,Creative Thinking,Numeracy,Team Work,Leadership,HUMSS
Female,Rural Area,Flexibility,Leadership,Time Management,Creative Thinking,Self motivation,Commercial Awareness,ABM
Male,Flexible,Stay in one place,Commercial Awareness,Decision Making,Leadership,Leadership,Flexibility,TVL
Female,Flexible,Work from anywhere,Problem Solving,Flexibility,Numeracy,Commercial Awareness,Verbal Communication,TVL
Female,Rural Area,Flexibility,Numeracy,Negotiating,Verbal Communication,Numeracy,Problem Solving,HUMSS
Female,Abroad,Flexibility,Leadership,Analytical Ability,Flexibility,Creative Thinking,Self motivation,ABM
Female,Flexible,Move Often,Flexibility,Self motivation,Self motivation,Self motivation,Self motivation,TVL
Female,Flexible,Work from anywhere,Numeracy,Written Communication,Decision Making,Verbal Communication,Commercial Awareness,STEM
Male,Flexible,Stay in one place,Creative Thinking,Analytical Ability,Decision Making,Written Communication,Flexibility,HUMSS
Male,City,Work from anywhere,Leadership,Flexibility,Flexibility,Verbal Communication,Time Management,TVL
Female,City,Move Often,Numeracy,Negotiating,Self motivation,Analytical Ability,Verbal Communication,STEM
Male,Rural Area,Move Often,Commercial Awareness,Flexibility,Commercial Awareness,Team Work,Problem Solving,TVL
Male,Rural Area,Stay in one place,Problem Solving,Leadership,Team Work,Creative Thinking,Leadership,ABM
Female,Rural Area,Move Often,Self motivation,Flexibility,Flexibility,Time Management,Flexibility,STEM
Female,Suburban Area,Work from anywhere,Written Communication,Problem Solving,Verbal Communication,Analytical Ability,Verbal Communication,STEM
Male,Abroad,Move Often,Creative Thinking,Problem Solving,Written Communication,Decision Making,Team Work,HUMSS
Female,City,Move Often,Self motivation,Decision Making,Creative Thinking,Problem Solving,Team Work,GAS
Male,Abroad,Flexibility,Verbal Communication,Analytical Ability,Numeracy,Team Work,Negotiating,ABM
Female,Suburban Area,Flexibility,Team Work,Commercial Awareness,Problem Solving,Problem Solving,Verbal Communication,ABM
Male,City,Stay in one place,Decision Making,Decision Making,Negotiating,Leadership,Team Work,ABM
Female,Abroad,Stay in one place,Leadership,Creative Thinking,Analytical Ability,Problem Solving,Numeracy,STEM
Male,Rural Area,Work from anywhere,Flexibility,Written Communication,Commercial Awareness,Commercial Awareness,Numeracy,GAS
Female,Rural Area,Move Often,Leadership,Flexibility,Numeracy,Verbal Communication,Self motivation,STEM
Female,City,Work from anywhere,Decision Making,Decision Making,Self motivation,Problem Solving,Decision Making,TVL
Female,Suburban Area,Stay in one place,Numeracy,Commercial Awareness,Analytical Ability,Verbal Communication,Creative Thinking,TVL
Female,Flexible,Work from anywhere,Commercial Awareness,Team Work,Commercial Awareness,Verbal Communication,Creative Thinking,STEM
Female,Suburban Area,Stay in one place,Time Management,Problem Solving,Flexibility,Written Communication,Creative Thinking,TVL
Male,City,Stay in one place,Flexibility,Analytical Ability,Verbal Communication,Analytical Ability,Problem Solving,TVL
Female,Suburban Area,Flexibility,Flexibility,Decision Making,Creative Thinking,Commercial Awareness,Flexibility,ABM
Male,Abroad,Flexibility,Flexibility,Problem Solving,Leadership,Written Communication,Verbal Communication,ABM
Male,City,Stay in one place,Problem Solving,Written Communication,Team Work,Numeracy,Creative Thinking,TVL
Female,Rural Area,Move Often,Problem Solving,Problem Solving,Flexibility,Flexibility,Analytical Ability,TVL
Female,Flexible,Stay in one place,Verbal Communication,Written Communication,Negotiating,Analytical Ability,Leadership,ABM
Male,Suburban Area,Move Often,Numeracy,Numeracy,Negotiating,Leadership,Decision Making,GAS
Male,City,Move Often,Problem Solving,Numeracy,Flexibility,Flexibility,Verbal Communication,STEM
Female,City,Work from anywhere,Negotiating,Negotiating,Self motivation,Decision Making,Negotiating,ABM
Female,City,Move Often,Self motivation,Negotiating,Self motivation,Flexibility,Flexibility,TVL
Male,Abroad,Move Often,Flexibility,Creative Thinking,Problem Solving,Time Management,Numeracy,GAS
Female,Flexible,Stay in one place,Verbal Communication,Self motivation,Written Communication,Verbal Communication,Team Work,GAS
Male,Suburban Area,Work from anywhere,Flexibility,Problem Solving,Analytical Ability,Numeracy,Leadership,GAS
Female,Abroad,Stay in one place,Self motivation,Self motivation,Flexibility,Numeracy,Flexibility,STEM
Female,City,Stay in one place,Negotiating,Commercial Awareness,Creative Thinking,Self motivation,Problem Solving,GAS
Male,Suburban Area,Work from anywhere,Analytical Ability,Team Work,Team Work,Flexibility,Time Management,TVL
Male,Suburban Area,Flexibility,Creative Thinking,Commercial Awareness,Commercial Awareness,Team Work,Self motivation,HUMSS
Male,Flexible,Move Often,Flexibility,Numeracy,Team Work,Self motivation,Decision Making,STEM
Female,Rural Area,Stay in one place,Written Communication,Team Work,Problem Solving,Flexibility,Flexibility,STEM
Female,City,Work from anywhere,Flexibility,Problem Solving,Problem Solving,Leadership,Written Communication,HUMSS
Male,Flexible,Work from anywhere,Analytical Ability,Commercial Awareness,Written Communication,Problem Solving,Decision Making,STEM
Male,Flexible,Stay in one place,Decision Making,Creative Thinking,Numeracy,Team Work,Numeracy,ABM
Female,Abroad,Work from anywhere,Analytical Ability,Decision Making,Decision Making,Self motivation,Verbal Communication,STEM
Female,Abroad,Flexibility,Negotiating,Verbal Communication,Time Management,Time Management,Creative Thinking,TVL
Female,Flexible,Stay in one place,Numeracy,Time Management,Decision Making,Team Work,Verbal Communication,TVL
Female,Abroad,Flexibility,Numeracy,Decision Making,Problem Solving,Creative Thinking,Problem Solving,TVL
Male,Abroad,Flexibility,Commercial Awareness,Self motivation,Time Management,Negotiating,Creative Thinking,STEM
Female,Abroad,Flexibility,Analytical Ability,Self motivation,Self motivation,Negotiating,Numeracy,TVL
Male,Flexible,Work from anywhere,Written Communication,Time Management,Self motivation,Commercial Awareness,Negotiating,GAS
Female,City,Move Often,Written Communication,Self motivation,Analytical Ability,Time Management,Written Communication,GAS
Female,Abroad,Stay in one place,Verbal Communication,Time Management,Written Communication,Numeracy,Time Management,GAS
Female,Suburban Area,Flexibility,Flexibility,Verbal Communication,Commercial Awareness,Flexibility,Self motivation,HUMSS
Female,Suburban Area,Move Often,Team Work,Decision Making,Verbal Communication,Time Management,Decision Making,TVL
Male,Suburban Area,Stay in one place,Problem Solving,Commercial Awareness,Problem Solving,Negotiating,Leadership,HUMSS
Male,Rural Area,Stay in one place,Analytical Ability,Team Work,Time Management,Analytical Ability,Decision Making,GAS
Female,City,Work from anywhere,Decision Making,Analytical Ability,Commercial Awareness,Creative Thinking,Self motivation,TVL
Female,Flexible,Move Often,Time Management,Time Management,Verbal Communication,Written Communication,Leadership,HUMSS
Female,Suburban Area,Work from anywhere,Decision Making,Creative Thinking,Team Work,Written Communication,Written Communication,TVL
Female,Rural Area,Move Often,Numeracy,Flexibility,Written Communication,Self motivation,Self motivation,HUMSS
Female,Flexible,Flexibility,Leadership,Numeracy,Written Communication,Time Management,Time Management,HUMSS
Female,Rural Area,Flexibility,Team Work,Numeracy,Time Management,Team Work,Decision Making,ABM
Male,City,Move Often,Team Work,Analytical Ability,Commercial Awareness,Creative Thinking,Team Work,GAS
Male,Flexible,Move Often,Problem Solving,Time Management,Analytical Ability,Written Communication,Time Management,TVL
Female,Abroad,Flexibility,Written Communication,Problem Solving,Team Work,Leadership,Time Management,ABM
Female,Flexible,Move Often,Creative Thinking,Numeracy,Decision Making,Analytical Ability,Written Communication,HUMSS
Male,Flexible,Move Often,Analytical Ability,Analytical Ability,Flexibility,Decision Making,Negotiating,GAS
Female,Suburban Area,Stay in one place,Time Management,Creative Thinking,Problem Solving,Time Management,Verbal Communication,GAS
Male,City,Work from anywhere,Problem Solving,Decision Making,Self motivation,Leadership,Team Work,STEM
Male,Abroad,Stay in one place,Problem Solving,Self motivation,Problem Solving,Analytical Ability,Negotiating,STEM
Male,Rural Area,Move Often,Flexibility,Problem Solving,Self motivation,Verbal Communication,Written Communication,TVL
Male,Flexible,Flexibility,Analytical Ability,Verbal Communication,Analytical Ability,Analytical Ability,Flexibility,STEM
Female,Flexible,Stay in one place,Leadership,Team Work,Self motivation,Time Management,Creative Thinking,ABM
Female,Flexible,Work from anywhere,Time Management,Problem Solving,Self motivation,Self motivation,Creative Thinking,GAS
Male,City,Stay in one place,Leadership,Leadership,Commercial Awareness,Leadership,Time Management,STEM
Female,Abroad,Stay in one place,Decision Making,Numeracy,Leadership,Leadership,Written Communication,TVL
Male,City,Move Often,Leadership,Self motivation,Verbal Communication,Creative Thinking,Team Work,STEM
Female,Abroad,Work from anywhere,Flexibility,Time Management,Team Work,Numeracy,Written Communication,HUMSS
Female,Abroad,Stay in one place,Problem Solving,Analytical Ability,Decision Making,Self motivation,Negotiating,STEM
Female,Flexible,Move Often,Numeracy,Self motivation,Numeracy,Written Communication,Analytical Ability,ABM
Female,Rural Area,Stay in one place,Flexibility,Problem Solving,Written Communication,Negotiating,Negotiating,STEM
Female,Flexible,Work from anywhere,Team Work,Creative Thinking,Commercial Awareness,Self motivation,Commercial Awareness,GAS
Female,Rural Area,Stay in one place,Decision Making,Commercial Awareness,Team Work,Problem Solving,Written Communication,HUMSS
Female,City,Stay in one place,Problem Solving,Negotiating,Team Work,Analytical Ability,Numeracy,STEM
Female,Rural Area,Stay in one place,Leadership,Numeracy,Creative Thinking,Creative Thinking,Numeracy,ABM
Male,Rural Area,Move Often,Flexibility,Decision Making,Flexibility,Team Work,Negotiating,STEM
Female,Suburban Area,Move Often,Leadership,Time Management,Negotiating,Problem Solving,Analytical Ability,GAS
Male,Flexible,Work from anywhere,Team Work,Self motivation,Decision Making,Decision Making,Commercial Awareness,TVL
Male,Suburban Area,Move Often,Verbal Communication,Leadership,Creative Thinking,Commercial Awareness,Analytical Ability,GAS
Female,Flexible,Move Often,Analytical Ability,Written Communication,Verbal Communication,Written Communication,Self motivation,HUMSS
Male,City,Stay in one place,Analytical Ability,Creative Thinking,Negotiating,Decision Making,Numeracy,ABM
Female,Suburban Area,Flexibility,Numeracy,Problem Solving,Problem Solving,Verbal Communication,Verbal Communication,STEM
Female,City,Move Often,Negotiating,Numeracy,Time Management,Self motivation,Time Management,HUMSS
Male,Suburban Area,Flexibility,Leadership,Team Work,Creative Thinking,Self motivation,Leadership,TVL
Female,Suburban Area,Stay in one place,Self motivation,Time Management,Team Work,Flexibility,Flexibility,STEM
Male,Rural Area,Work from anywhere,Analytical Ability,Numeracy,Creative Thinking,Verbal Communication,Negotiating,HUMSS
Female,Abroad,Move Often,Time Management,Team Work,Self motivation,Self motivation,Time Management,STEM
Male,Flexible,Work from anywhere,Analytical Ability,Written Communication,Time Management,Flexibility,Problem Solving,TVL
Female,City,Move Often,Creative Thinking,Flexibility,Creative Thinking,Leadership,Creative Thinking,ABM
Female,Abroad,Move Often,Time Management,Time Management,Flexibility,Verbal Communication,Commercial Awareness,TVL
Female,City,Flexibility,Negotiating,Decision Making,Decision Making,Time Management,Decision Making,ABM
Female,Suburban Area,Work from anywhere,Negotiating,Analytical Ability,Analytical Ability,Decision Making,Flexibility,ABM
Female,Suburban Area,Move Often,Negotiating,Analytical Ability,Negotiating,Commercial Awareness,Numeracy,ABM
Male,Suburban Area,Work from anywhere,Team Work,Time Management,Negotiating,Leadership,Negotiating,GAS
Male,Suburban Area,Flexibility,Decision Making,Self motivation,Written Communication,Verbal Communication,Problem Solving,ABM
Female,Abroad,Flexibility,Decision Making,Team Work,Analytical Ability,Commercial Awareness,Problem Solving,STEM
Male,Flexible,Stay in one place,Time Management,Analytical Ability,Creative Thinking,Self motivation,Commercial Awareness,ABM
Male,City,Move Often,Self motivation,Leadership,Self motivation,Numeracy,Team Work,TVL
Female,Suburban Area,Stay in one place,Team Work,Written Communication,Self motivation,Written Communication,Problem Solving,STEM
Female,Rural Area,Work from anywhere,Self motivation,Written Communication,Team Work,Self motivation,Decision Making,TVL
Male,City,Stay in one place,Negotiating,Verbal Communication,Creative Thinking,Written Communication,Written Communication,ABM
Female,City,Move Often,Self motivation,Numeracy,Analytical Ability,Creative Thinking,Numeracy,HUMSS
Male,Rural Area,Work from anywhere,Written Communication,Self motivation,Negotiating,Time Management,Creative Thinking,STEM
Female,Rural Area,Move Often,Problem Solving,Analytical Ability,Negotiating,Self motivation,Commercial Awareness,STEM
Male,City,Flexibility,Flexibility,Team Work,Analytical Ability,Leadership,Team Work,ABM
Female,Abroad,Work from anywhere,Time Management,Time Management,Self motivation,Flexibility,Problem Solving,TVL
Male,Flexible,Flexibility,Leadership,Self motivation,Creative Thinking,Self motivation,Team Work,HUMSS
Male,Suburban Area,Stay in one place,Written Communication,Team Work,Leadership,Self motivation,Self motivation,GAS
Male,Flexible,Stay in one place,Verbal Communication,Verbal Communication,Numeracy,Written Communication,Leadership,GAS
Male,Rural Area,Stay in one place,Decision Making,Creative Thinking,Time Management,Analytical Ability,Commercial Awareness,STEM
Female,Flexible,Work from anywhere,Verbal Communication,Problem Solving,Written Communication,Team Work,Team Work,HUMSS
Female,Abroad,Move Often,Team Work,Leadership,Creative Thinking,Leadership,Problem Solving,STEM
Male,Suburban Area,Move Often,Time Management,Negotiating,Flexibility,Leadership,Problem Solving,STEM
Male,Abroad,Stay in one place,Problem Solving,Time Management,Time Management,Problem Solving,Written Communication,TVL
Female,Abroad,Work from anywhere,Creative Thinking,Leadership,Decision Making,Leadership,Negotiating,TVL
Female,Abroad,Work from anywhere,Team Work,Written Communication,Written Communication,Numeracy,Commercial Awareness,TVL
Female,Suburban Area,Move Often,Commercial Awareness,Self motivation,Decision Making,Problem Solving,Negotiating,ABM
Female,City,Move Often,Analytical Ability,Time Management,Commercial Awareness,Problem Solving,Team Work,STEM
Male,Suburban Area,Move Often,Creative Thinking,Problem Solving,Written Communication,Decision Making,Analytical Ability,HUMSS
Female,Rural Area,Work from anywhere,Flexibility,Team Work,Creative Thinking,Written Communication,Numeracy,STEM
Female,Flexible,Move Often,Commercial Awareness,Commercial Awareness,Flexibility,Time Management,Numeracy,ABM
Male,Flexible,Move Often,Analytical Ability,Commercial Awareness,Decision Making,Decision Making,Self motivation,TVL
Female,Suburban Area,Stay in one place,Written Communication,Written Communication,Time Management,Creative Thinking,Creative Thinking,STEM
Male,Suburban Area,Work from anywhere,Analytical Ability,Leadership,Negotiating,Problem Solving,Negotiating,ABM
Female,Flexible,Flexibility,Verbal Communication,Self motivation,Flexibility,Self motivation,Verbal Communication,STEM
Male,Rural Area,Flexibility,Self motivation,Numeracy,Team Work,Negotiating,Verbal Communication,ABM
Female,Rural Area,Stay in one place,Numeracy,Creative Thinking,Numeracy,Team Work,Commercial Awareness,TVL
Female,Rural Area,Work from anywhere,Negotiating,Problem Solving,Creative Thinking,Commercial Awareness,Problem Solving,GAS
Male,Suburban Area,Stay in one place,Decision Making,Leadership,Creative Thinking,Team Work,Analytical Ability,TVL
Male,Rural Area,Work from anywhere,Decision Making,Commercial Awareness,Flexibility,Team Work,Numeracy,ABM
Female,Rural Area,Flexibility,Leadership,Verbal Communication,Verbal Communication,Verbal Communication,Verbal Communication,STEM
Female,Flexible,Move Often,Flexibility,Problem Solving,Leadership,Verbal Communication,Analytical Ability,HUMSS
Female,Abroad,Stay in one place,Self motivation,Written Communication,Leadership,Leadership,Written Communication,GAS
Male,Flexible,Work from anywhere,Problem Solving,Problem Solving,Leadership,Time Management,Verbal Communication,ABM
Male,Suburban Area,Stay in one place,Analytical Ability,Creative Thinking,Negotiating,Flexibility,Commercial Awareness,TVL
Male,Suburban Area,Stay in one place,Self motivation,Self motivation,Creative Thinking,Self motivation,Numeracy,HUMSS
Male,City,Work from anywhere,Problem Solving,Problem Solving,Leadership,Creative Thinking,Decision Making,GAS
Female,Abroad,Flexibility,Written Communication,Flexibility,Written Communication,Commercial Awareness,Analytical Ability,STEM
Male,City,Flexibility,Problem Solving,Problem Solving,Negotiating,Time Management,Problem Solving,HUMSS
Male,Suburban Area,Work from anywhere,Flexibility,Commercial Awareness,Self motivation,Self motivation,Self motivation,GAS
Male,Flexible,Stay in one place,Self motivation,Self motivation,Flexibility,Written Communication,Time Management,TVL
Female,City,Move Often,Verbal Communication,Numeracy,Time Management,Team Work,Problem Solving,STEM
Female,Flexible,Work from anywhere,Problem Solving,Analytical Ability,Self motivation,Flexibility,Commercial Awareness,TVL
Female,City,Work from anywhere,Problem Solving,Verbal Communication,Analytical Ability,Team Work,Team Work,TVL
Male,Suburban Area,Stay in one place,Numeracy,Negotiating,Verbal Communication,Decision Making,Numeracy,HUMSS
Female,Rural Area,Stay in one place,Self motivation,Self motivation,Written Communication,Team Work,Time Management,TVL
Male,City,Stay in one place,Problem Solving,Commercial Awareness,Analytical Ability,Creative Thinking,Written Communication,HUMSS
Female,Suburban Area,Flexibility,Decision Making,Written Communication,Flexibility,Flexibility,Leadership,ABM
Female,Suburban Area,Stay in one place,Problem Solving,Time Management,Written Communication,Flexibility,Time Management,STEM
Male,Abroad,Move Often,Analytical Ability,Written Communication,Team Work,Verbal Communication,Numeracy,TVL
Male,Abroad,Stay in one place,Negotiating,Numeracy,Numeracy,Decision Making,Negotiating,STEM
Male,City,Work from anywhere,Creative Thinking,Analytical Ability,Numeracy,Problem Solving,Written Communication,GAS
Male,Abroad,Work from anywhere,Flexibility,Creative Thinking,Numeracy,Numeracy,Verbal Communication,STEM
Female,Suburban Area,Work from anywhere,Time Management,Creative Thinking,Decision Making,Verbal Communication,Leadership,TVL
Male,Flexible,Flexibility,Negotiating,Flexibility,Team Work,Time Management,Time Management,TVL
Female,Suburban Area,Flexibility,Verbal Communication,Written Communication,Negotiating,Time Management,Commercial Awareness,STEM
Female,Rural Area,Work from anywhere,Team Work,Team Work,Self motivation,Creative Thinking,Problem Solving,ABM
Female,Abroad,Stay in one place,Leadership,Creative Thinking,Written Communication,Decision Making,Numeracy,HUMSS
Female,Rural Area,Flexibility,Commercial Awareness,Decision Making,Numeracy,Self motivation,Problem Solving,STEM
Female,Rural Area,Work from anywhere,Analytical Ability,Team Work,Creative Thinking,Analytical Ability,Team Work,ABM
Female,City,Move Often,Flexibility,Creative Thinking,Time Management,Leadership,Analytical Ability,TVL
Female,City,Work from anywhere,Commercial Awareness,Verbal Communication,Creative Thinking,Written Communication,Team Work,STEM
Female,Abroad,Stay in one place,Self motivation,Commercial Awareness,Commercial Awareness,Problem Solving,Negotiating,TVL
Female,Suburban Area,Flexibility,Problem Solving,Leadership,Negotiating,Time Management,Self motivation,STEM
Female,Flexible,Flexibility,Numeracy,Decision Making,Numeracy,Decision Making,Analytical Ability,ABM
Male,Flexible,Flexibility,Commercial Awareness,Numeracy,Analytical Ability,Decision Making,Self motivation,ABM
Male,Rural Area,Stay in one place,Negotiating,Commercial Awareness,Creative Thinking,Written Communication,Commercial Awareness,GAS
Female,Rural Area,Work from anywhere,Commercial Awareness,Decision Making,Decision Making,Team Work,Numeracy,STEM
Male,Flexible,Move Often,Problem Solving,Leadership,Problem Solving,Numeracy,Analytical Ability,HUMSS
Male,Flexible,Stay in one place,Problem Solving,Problem Solving,Commercial Awareness,Analytical Ability,Creative Thinking,TVL
Female,Abroad,Stay in one place,Numeracy,Analytical Ability,Problem Solving,Problem Solving,Analytical Ability,TVL
Male,Rural Area,Stay in one place,Team Work,Time Management,Flexibility,Creative Thinking,Self motivation,STEM
Male,City,Flexibility,Written Communication,Leadership,Leadership,Leadership,Problem Solving,HUMSS
Female,Flexible,Move Often,Analytical Ability,Decision Making,Verbal Communication,Verbal Communication,Decision Making,HUMSS
Male,Flexible,Stay in one place,Verbal Communication,Numeracy,Creative Thinking,Analytical Ability,Numeracy,HUMSS
Female,Suburban Area,Stay in one place,Self motivation,Written Communication,Verbal Communication,Time Management,Flexibility,HUMSS
Male,City,Move Often,Leadership,Negotiating,Numeracy,Negotiating,Self motivation,ABM
Female,Suburban Area,Stay in one place,Numeracy,Verbal Communication,Commercial Awareness,Self motivation,Team Work,TVL
Male,Rural Area,Move Often,Decision Making,Commercial Awareness,Commercial Awareness,Flexibility,Leadership,STEM
Male,Flexible,Work from anywhere,Numeracy,Commercial Awareness,Verbal Communication,Numeracy,Written Communication,TVL
Male,City,Work from anywhere,Analytical Ability,Decision Making,Written Communication,Creative Thinking,Decision Making,ABM
Female,Rural Area,Move Often,Creative Thinking,Analytical Ability,Numeracy,Commercial Awareness,Written Communication,STEM
Female,Flexible,Work from anywhere,Self motivation,Problem Solving,Self motivation,Negotiating,Problem Solving,ABM
Female,Suburban Area,Work from anywhere,Time Management,Commercial Awareness,Negotiating,Written Communication,Negotiating,TVL
Male,Flexible,Stay in one place,Decision Making,Negotiating,Commercial Awareness,Self motivation,Numeracy,ABM
Male,City,Flexibility,Team Work,Team Work,Numeracy,Leadership,Numeracy,TVL
Female,Abroad,Flexibility,Team Work,Team Work,Flexibility,Problem Solving,Problem Solving,GAS
Female,Abroad,Flexibility,Self motivation,Creative Thinking,Analytical Ability,Team Work,Creative Thinking,ABM
Female,Suburban Area,Stay in one place,Commercial Awareness,Decision Making,Negotiating,Numeracy,Verbal Communication,HUMSS
Female,City,Flexibility,Team Work,Analytical Ability,Problem Solving,Flexibility,Analytical Ability,TVL
Male,Abroad,Flexibility,Negotiating,Leadership,Leadership,Commercial Awareness,Self motivation,HUMSS
Female,Rural Area,Move Often,Written Communication,Verbal Communication,Time Management,Numeracy,Time Management,GAS
Male,City,Work from anywhere,Commercial Awareness,Self motivation,Flexibility,Numeracy,Problem Solving,ABM
Female,Flexible,Stay in one place,Commercial Awareness,Commercial Awareness,Self motivation,Numeracy,Negotiating,GAS
Female,Suburban Area,Work from anywhere,Written Communication,Negotiating,Negotiating,Commercial Awareness,Verbal Communication,HUMSS
Male,Flexible,Flexibility,Written Communication,Leadership,Creative Thinking,Problem Solving,Team Work,STEM
Female,Abroad,Flexibility,Verbal Communication,Commercial Awareness,Written Communication,Time Management,Leadership,HUMSS
Female,Abroad,Flexibility,Numeracy,Decision Making,Leadership,Numeracy,Written Communication,STEM
Male,Rural Area,Flexibility,Flexibility,Written Communication,Numeracy,Analytical Ability,Creative Thinking,STEM
Female,City,Move Often,Commercial Awareness,Leadership,Time Management,Negotiating,Leadership,TVL
Female,Flexible,Move Often,Verbal Communication,Decision Making,Numeracy,Analytical Ability,Leadership,TVL
Male,Abroad,Move Often,Flexibility,Decision Making,Numeracy,Negotiating,Time Management,TVL
Female,Flexible,Stay in one place,Negotiating,Decision Making,Self motivation,Decision Making,Verbal Communication,TVL
Female,Suburban Area,Flexibility,Leadership,Written Communication,Flexibility,Self motivation,Negotiating,TVL
Male,Abroad,Move Often,Analytical Ability,Time Management,Self motivation,Flexibility,Verbal Communication,TVL
Male,Flexible,Flexibility,Creative Thinking,Numeracy,Analytical Ability,Verbal Communication,Commercial Awareness,ABM
Male,Suburban Area,Flexibility,Time Management,Self motivation,Self motivation,Decision Making,Decision Making,GAS
Female,Rural Area,Move Often,Time Management,Commercial Awareness,Creative Thinking,Commercial Awareness,Decision Making,ABM
Male,Abroad,Stay in one place,Leadership,Decision Making,Time Management,Creative Thinking,Team Work,HUMSS
Male,City,Move Often,Analytical Ability,Decision Making,Flexibility,Leadership,Flexibility,HUMSS
Male,Abroad,Move Often,Commercial Awareness,Problem Solving,Team Work,Leadership,Commercial Awareness,GAS
Female,Suburban Area,Work from anywhere,Verbal Communication,Leadership,Decision Making,Leadership,Commercial Awareness,HUMSS
Male,Flexible,Move Often,Leadership,Verbal Communication,Analytical Ability,Verbal Communication,Numeracy,GAS
Male,Suburban Area,Flexibility,Team Work,Problem Solving,Commercial Awareness,Verbal Communication,Creative Thinking,ABM
Male,Rural Area,Work from anywhere,Creative Thinking,Commercial Awareness,Problem Solving,Time Management,Negotiating,GAS
Male,Abroad,Flexibility,Verbal Communication,Problem Solving,Leadership,Numeracy,Leadership,ABM
Male,Abroad,Flexibility,Verbal Communication,Team Work,Team Work,Written Communication,Flexibility,STEM
Female,Rural Area,Flexibility,Written Communication,Self motivation,Creative Thinking,Self motivation,Flexibility,STEM
Male,Flexible,Work from anywhere,Problem Solving,Commercial Awareness,Self motivation,Flexibility,Self motivation,TVL
Female,Flexible,Flexibility,Self motivation,Commercial Awareness,Team Work,Numeracy,Written Communication,ABM
Male,Flexible,Stay in one place,Problem Solving,Team Work,Decision Making,Self motivation,Leadership,STEM
Female,Abroad,Flexibility,Creative Thinking,Flexibility,Written Communication,Analytical Ability,Flexibility,TVL
Female,Suburban Area,Move Often,Written Communication,Verbal Communication,Time Management,Leadership,Negotiating,ABM
Female,City,Stay in one place,Problem Solving,Problem Solving,Leadership,Leadership,Written Communication,TVL
Female,Suburban Area,Flexibility,Negotiating,Time Management,Negotiating,Problem Solving,Commercial Awareness,GAS
Female,Flexible,Move Often,Decision Making,Commercial Awareness,Analytical Ability,Self motivation,Analytical Ability,GAS
Female,Rural Area,Move Often,Decision Making,Problem Solving,Flexibility,Problem Solving,Time Management,ABM
Male,Rural Area,Flexibility,Flexibility,Self motivation,Decision Making,Creative Thinking,Negotiating,GAS
Male,Rural Area,Move Often,Decision Making,Flexibility,Analytical Ability,Commercial Awareness,Decision Making,TVL
Male,Flexible,Move Often,Decision Making,Numeracy,Verbal Communication,Analytical Ability,Problem Solving,STEM
Male,City,Flexibility,Flexibility,Self motivation,Creative Thinking,Self motivation,Team Work,ABM
Male,Suburban Area,Work from anywhere,Problem Solving,Verbal Communication,Written Communication,Time Management,Numeracy,ABM
Female,Rural Area,Move Often,Problem Solving,Written Communication,Analytical Ability,Decision Making,Analytical Ability,STEM
Male,Abroad,Work from anywhere,Leadership,Team Work,Written Communication,Numeracy,Creative Thinking,GAS
Female,City,Stay in one place,Team Work,Decision Making,Team Work,Analytical Ability,Verbal Communication,STEM
Female,Suburban Area,Work from anywhere,Team Work,Decision Making,Commercial Awareness,Creative Thinking,Negotiating,GAS
Female,Flexible,Move Often,Leadership,Flexibility,Verbal Communication,Time Management,Self motivation,ABM
Female,Abroad,Flexibility,Numeracy,Leadership,Flexibility,Analytical Ability,Decision Making,ABM
Male,Rural Area,Work from anywhere,Decision Making,Self motivation,Team Work,Numeracy,Negotiating,HUMSS
Female,Suburban Area,Flexibility,Decision Making,Time Management,Problem Solving,Verbal Communication,Written Communication,HUMSS
Female,Flexible,Move Often,Numeracy,Numeracy,Leadership,Self motivation,Numeracy,GAS
Female,Abroad,Work from anywhere,Problem Solving,Numeracy,Negotiating,Problem Solving,Team Work,GAS
Male,City,Work from anywhere,Commercial Awareness,Verbal Communication,Decision Making,Creative Thinking,Time Management,GAS
Female,Flexible,Flexibility,Leadership,Team Work,Negotiating,Leadership,Time Management,GAS
Male,Rural Area,Work from anywhere,Analytical Ability,Verbal Communication,Written Communication,Verbal Communication,Problem Solving,STEM
Female,Rural Area,Flexibility,Commercial Awareness,Creative Thinking,Analytical Ability,Verbal Communication,Team Work,HUMSS
Female,Rural Area,Work from anywhere,Creative Thinking,Flexibility,Problem Solving,Team Work,Team Work,HUMSS
Female,Flexible,Work from anywhere,Negotiating,Written Communication,Leadership,Leadership,Time Management,HUMSS
Male,Flexible,Move Often,Verbal Communication,Flexibility,Self motivation,Analytical Ability,Creative Thinking,GAS
Male,Abroad,Stay in one place,Negotiating,Problem Solving,Analytical Ability,Time Management,Flexibility,HUMSS
Female,City,Move Often,Leadership,Problem Solving,Self motivation,Flexibility,Numeracy,TVL
Female,City,Stay in one place,Analytical Ability,Decision Making,Creative Thinking,Team Work,Team Work,GAS
Male,Flexible,Move Often,Self motivation,Written Communication,Verbal Communication,Written Communication,Creative Thinking,GAS
Female,Suburban Area,Work from anywhere,Team Work,Analytical Ability,Decision Making,Problem Solving,Flexibility,TVL
Male,Abroad,Move Often,Decision Making,Creative Thinking,Creative Thinking,Self motivation,Flexibility,GAS
Male,Flexible,Work from anywhere,Creative Thinking,Self motivation,Written Communication,Negotiating,Creative Thinking,STEM
Female,Suburban Area,Work from anywhere,Commercial Awareness,Self motivation,Self motivation,Flexibility,Written Communication,TVL
Female,Abroad,Flexibility,Leadership,Creative Thinking,Flexibility,Negotiating,Analytical Ability,GAS
Male,City,Work from anywhere,Analytical Ability,Self motivation,Time Management,Commercial Awareness,Creative Thinking,TVL
Male,Flexible,Flexibility,Commercial Awareness,Team Work,Analytical Ability,Verbal Communication,Commercial Awareness,TVL
Female,Rural Area,Work from anywhere,Verbal Communication,Numeracy,Analytical Ability,Creative Thinking,Team Work,STEM
Female,Flexible,Move Often,Analytical Ability,Flexibility,Commercial Awareness,Team Work,Leadership,TVL
Male,City,Work from anywhere,Team Work,Negotiating,Creative Thinking,Problem Solving,Self motivation,HUMSS
Male,Suburban Area,Move Often,Problem Solving,Negotiating,Negotiating,Verbal Communication,Verbal Communication,GAS
Male,Abroad,Stay in one place,Decision Making,Flexibility,Self motivation,Verbal Communication,Written Communication,STEM
Female,City,Flexibility,Written Communication,Negotiating,Verbal Communication,Decision Making,Numeracy,HUMSS
Male,City,Stay in one place,Problem Solving,Flexibility,Leadership,Creative Thinking,Self motivation,HUMSS
Female,Flexible,Flexibility,Analytical Ability,Self motivation,Time Management,Commercial Awareness,Decision Making,HUMSS
Male,Abroad,Stay in one place,Analytical Ability,Time Management,Problem Solving,Self motivation,Leadership,TVL
Female,City,Stay in one place,Negotiating,Decision Making,Decision Making,Self motivation,Numeracy,ABM
Female,Abroad,Flexibility,Negotiating,Creative Thinking,Verbal Communication,Self motivation,Negotiating,GAS
Male,Flexible,Stay in one place,Numeracy,Team Work,Analytical Ability,Decision Making,Written Communication,STEM
Female,Rural Area,Flexibility,Decision Making,Negotiating,Negotiating,Self motivation,Self motivation,STEM
Male,Abroad,Work from anywhere,Leadership,Creative Thinking,Verbal Communication,Verbal Communication,Numeracy,TVL
Male,Rural Area,Flexibility,Self motivation,Decision Making,Self motivation,Time Management,Negotiating,ABM
Male,Flexible,Stay in one place,Team Work,Team Work,Verbal Communication,Time Management,Problem Solving,TVL
Male,City,Stay in one place,Team Work,Self motivation,Team Work,Commercial Awareness,Self motivation,ABM
Female,Flexible,Stay in one place,Negotiating,Self motivation,Leadership,Team Work,Written Communication,HUMSS
Male,Flexible,Work from anywhere,Time Management,Negotiating,Numeracy,Creative Thinking,Written Communication,GAS
Female,City,Flexibility,Written Communication,Creative Thinking,Time Management,Leadership,Problem Solving,STEM
Female,Abroad,Work from anywhere,Leadership,Leadership,Verbal Communication,Problem Solving,Flexibility,STEM
Female,Abroad,Move Often,Negotiating,Verbal Communication,Numeracy,Verbal Communication,Negotiating,TVL
Female,Suburban Area,Stay in one place,Decision Making,Verbal Communication,Self motivation,Negotiating,Time Management,STEM
Male,Rural Area,Work from anywhere,Analytical Ability,Leadership,Numeracy,Written Communication,Leadership,TVL
Male,Flexible,Work from anywhere,Time Management,Creative Thinking,Verbal Communication,Verbal Communication,Written Communication,TVL
Female,Abroad,Stay in one place,Self motivation,Team Work,Negotiating,Self motivation,Verbal Communication,HUMSS
Male,Abroad,Work from anywhere,Analytical Ability,Problem Solving,Decision Making,Time Management,Decision Making,STEM
Male,Suburban Area,Stay in one place,Analytical Ability,Self motivation,Verbal Communication,Analytical Ability,Analytical Ability,TVL
Female,City,Work from anywhere,Team Work,Analytical Ability,Time Management,Team Work,Self motivation,ABM
Female,Rural Area,Stay in one place,Negotiating,Written Communication,Analytical Ability,Commercial Awareness,Commercial Awareness,ABM
Male,Suburban Area,Stay in one place,Flexibility,Numeracy,Time Management,Self motivation,Team Work,GAS
Male,City,Flexibility,Leadership,Problem Solving,Time Management,Time Management,Creative Thinking,ABM
Female,Suburban Area,Work from anywhere,Numeracy,Numeracy,Written Communication,Decision Making,Time Management,TVL
Male,Rural Area,Work from anywhere,Written Communication,Commercial Awareness,Analytical Ability,Decision Making,Analytical Ability,HUMSS
Female,Abroad,Work from anywhere,Commercial Awareness,Creative Thinking,Problem Solving,Self motivation,Flexibility,ABM
Male,Flexible,Stay in one place,Analytical Ability,Numeracy,Leadership,Team Work,Decision Making,STEM
Female,City,Stay in one place,Numeracy,Verbal Communication,Self motivation,Commercial Awareness,Flexibility,TVL
Female,City,Work from anywhere,Commercial Awareness,Flexibility,Analytical Ability,Problem Solving,Verbal Communication,ABM
Male,Rural Area,Stay in one place,Written Communication,Commercial Awareness,Written Communication,Creative Thinking,Creative Thinking,STEM
Male,Flexible,Flexibility,Problem Solving,Leadership,Time Management,Creative Thinking,Decision Making,GAS
Male,Rural Area,Stay in one place,Flexibility,Negotiating,Flexibility,Decision Making,Team Work,GAS
Male,Abroad,Work from anywhere,Decision Making,Written Communication,Numeracy,Time Management,Problem Solving,GAS
Male,Abroad,Flexibility,Time Management,Numeracy,Team Work,Negotiating,Self motivation,GAS
Male,Abroad,Move Often,Problem Solving,Verbal Communication,Verbal Communication,Written Communication,Analytical Ability,GAS
Female,Flexible,Flexibility,Problem Solving,Creative Thinking,Written Communication,Analytical Ability,Creative Thinking,TVL
Male,Flexible,Work from anywhere,Written Communication,Analytical Ability,Leadership,Self motivation,Leadership,ABM
Male,Rural Area,Stay in one place,Negotiating,Commercial Awareness,Written Communication,Decision Making,Time Management,HUMSS
Female,Rural Area,Flexibility,Decision Making,Self motivation,Verbal Communication,Written Communication,Self motivation,STEM
Female,Suburban Area,Stay in one place,Leadership,Leadership,Written Communication,Problem Solving,Self motivation,GAS
Male,Flexible,Work from anywhere,Verbal Communication,Written Communication,Problem Solving,Written Communication,Verbal Communication,STEM
Female,Flexible,Move Often,Creative Thinking,Commercial Awareness,Analytical Ability,Creative Thinking,Numeracy,ABM
Female,Rural Area,Stay in one place,Decision Making,Negotiating,Written Communication,Commercial Awareness,Time Management,TVL
Female,Abroad,Flexibility,Written Communication,Commercial Awareness,Flexibility,Negotiating,Self motivation,TVL
Female,Flexible,Flexibility,Written Communication,Leadership,Numeracy,Commercial Awareness,Creative Thinking,TVL
Female,Suburban Area,Move Often,Leadership,Commercial Awareness,Self motivation,Negotiating,Time Management,HUMSS
Male,Flexible,Flexibility,Negotiating,Commercial Awareness,Verbal Communication,Written Communication,Team Work,HUMSS
Female,Abroad,Flexibility,Written Communication,Negotiating,Flexibility,Commercial Awareness,Written Communication,HUMSS
Female,Flexible,Move Often,Numeracy,Numeracy,Leadership,Problem Solving,Problem Solving,HUMSS
Male,Rural Area,Stay in one place,Team Work,Analytical Ability,Written Communication,Problem Solving,Self motivation,TVL
Female,Abroad,Move Often,Flexibility,Written Communication,Flexibility,Numeracy,Creative Thinking,TVL
Male,Abroad,Stay in one place,Numeracy,Self motivation,Leadership,Creative Thinking,Decision Making,STEM
Male,Rural Area,Flexibility,Written Communication,Numeracy,Negotiating,Problem Solving,Team Work,GAS
Female,Flexible,Flexibility,Team Work,Creative Thinking,Problem Solving,Leadership,Team Work,ABM
Male,Rural Area,Move Often,Negotiating,Team Work,Negotiating,Time Management,Negotiating,ABM
Female,Abroad,Work from anywhere,Leadership,Problem Solving,Analytical Ability,Verbal Communication,Flexibility,GAS
Female,Flexible,Stay in one place,Creative Thinking,Negotiating,Time Management,Self motivation,Decision Making,HUMSS
Male,Flexible,Work from anywhere,Time Management,Problem Solving,Negotiating,Self motivation,Verbal Communication,STEM
Male,Rural Area,Flexibility,Written Communication,Commercial Awareness,Commercial Awareness,Self motivation,Time Management,ABM
Male,Flexible,Flexibility,Commercial Awareness,Problem Solving,Creative Thinking,Decision Making,Decision Making,STEM
Male,City,Move Often,Commercial Awareness,Leadership,Self motivation,Verbal Communication,Negotiating,ABM
Female,Suburban Area,Move Often,Commercial Awareness,Creative Thinking,Time Management,Flexibility,Verbal Communication,HUMSS
Female,Suburban Area,Flexibility,Problem Solving,Decision Making,Time Management,Verbal Communication,Negotiating,GAS
Female,Rural Area,Work from anywhere,Problem Solving,Team Work,Creative Thinking,Numeracy,Commercial Awareness,STEM
Male,Flexible,Work from anywhere,Flexibility,Leadership,Creative Thinking,Written Communication,Written Communication,HUMSS
Female,Abroad,Move Often,Commercial Awareness,Numeracy,Creative Thinking,Verbal Communication,Flexibility,HUMSS
Male,Flexible,Flexibility,Team Work,Verbal Communication,Verbal Communication,Numeracy,Negotiating,GAS
Female,Rural Area,Move Often,Verbal Communication,Time Management,Verbal Communication,Self motivation,Team Work,HUMSS
Female,Suburban Area,Work from anywhere,Verbal Communication,Leadership,Leadership,Problem Solving,Decision Making,GAS
Male,Suburban Area,Work from anywhere,Written Communication,Creative Thinking,Decision Making,Commercial Awareness,Leadership,HUMSS
Male,City,Flexibility,Creative Thinking,Problem Solving,Commercial Awareness,Numeracy,Analytical Ability,GAS
Male,Abroad,Flexibility,Flexibility,Negotiating,Team Work,Analytical Ability,Negotiating,ABM
Female,Rural Area,Stay in one place,Creative Thinking,Time Management,Negotiating,Leadership,Problem Solving,STEM
Male,Abroad,Move Often,Problem Solving,Leadership,Verbal Communication,Leadership,Team Work,TVL
Female,Rural Area,Stay in one place,Leadership,Verbal Communication,Flexibility,Self motivation,Time Management,GAS
Male,Abroad,Stay in one place,Self motivation,Self motivation,Problem Solving,Commercial Awareness,Problem Solving,ABM
Male,Rural Area,Work from anywhere,Verbal Communication,Written Communication,Creative Thinking,Analytical Ability,Commercial Awareness,ABM
Female,City,Move Often,Leadership,Creative Thinking,Time Management,Analytical Ability,Self motivation,TVL
Male,Rural Area,Flexibility,Flexibility,Written Communication,Problem Solving,Verbal Communication,Negotiating,ABM
Female,Flexible,Flexibility,Commercial Awareness,Time Management,Numeracy,Written Communication,Analytical Ability,HUMSS
Male,Abroad,Move Often,Team Work,Creative Thinking,Creative Thinking,Problem Solving,Numeracy,ABM
Male,Rural Area,Work from anywhere,Flexibility,Decision Making,Decision Making,Negotiating,Written Communication,TVL
Female,Abroad,Move Often,Commercial Awareness,Problem Solving,Decision Making,Commercial Awareness,Creative Thinking,ABM
Male,City,Work from anywhere,Analytical Ability,Flexibility,Creative Thinking,Numeracy,Written Communication,ABM
Male,Suburban Area,Flexibility,Numeracy,Flexibility,Flexibility,Time Management,Decision Making,GAS
Female,Suburban Area,Move Often,Problem Solving,Numeracy,Verbal Communication,Numeracy,Decision Making,ABM
Male,Flexible,Flexibility,Team Work,Flexibility,Written Communication,Problem Solving,Problem Solving,ABM
Male,Flexible,Move Often,Problem Solving,Team Work,Negotiating,Decision Making,Problem Solving,ABM
Male,Suburban Area,Stay in one place,Verbal Communication,Written Communication,Analytical Ability,Problem Solving,Negotiating,STEM
Male,Rural Area,Work from anywhere,Creative Thinking,Self motivation,Numeracy,Decision Making,Decision Making,ABM
Female,City,Flexibility,Team Work,Commercial Awareness,Problem Solving,Creative Thinking,Creative Thinking,TVL
Female,City,Move Often,Negotiating,Flexibility,Numeracy,Problem Solving,Leadership,ABM
Male,Flexible,Move Often,Leadership,Numeracy,Team Work,Problem Solving,Team Work,TVL
Male,Suburban Area,Move Often,Numeracy,Flexibility,Team Work,Time Management,Team Work,HUMSS
Female,Flexible,Move Often,Team Work,Analytical Ability,Analytical Ability,Analytical Ability,Numeracy,TVL
Female,City,Flexibility,Negotiating,Written Communication,Leadership,Time Management,Self motivation,GAS
Female,City,Work from anywhere,Decision Making,Flexibility,Commercial Awareness,Written Communication,Analytical Ability,HUMSS
Male,Abroad,Flexibility,Written Communication,Self motivation,Problem Solving,Analytical Ability,Commercial Awareness,STEM
Male,Suburban Area,Flexibility,Commercial Awareness,Flexibility,Flexibility,Creative Thinking,Written Communication,GAS
Male,Suburban Area,Flexibility,Time Management,Analytical Ability,Problem Solving,Problem Solving,Team Work,STEM
Male,Flexible,Work from anywhere,Leadership,Self motivation,Creative Thinking,Creative Thinking,Numeracy,STEM
Female,City,Flexibility,Problem Solving,Decision Making,Decision Making,Written Communication,Team Work,ABM
Female,Rural Area,Work from anywhere,Creative Thinking,Written Communication,Numeracy,Flexibility,Decision Making,STEM
Male,City,Flexibility,Written Communication,Creative Thinking,Team Work,Numeracy,Decision Making,TVL
Female,Flexible,Stay in one place,Decision Making,Decision Making,Team Work,Team Work,Decision Making,GAS
Male,Suburban Area,Move Often,Negotiating,Decision Making,Decision Making,Negotiating,Creative Thinking,HUMSS
Female,Flexible,Move Often,Self motivation,Analytical Ability,Problem Solving,Self motivation,Flexibility,ABM
Male,Flexible,Flexibility,Analytical Ability,Numeracy,Verbal Communication,Numeracy,Verbal Communication,TVL
Male,City,Flexibility,Team Work,Self motivation,Problem Solving,Flexibility,Team Work,ABM
Male,Abroad,Work from anywhere,Creative Thinking,Decision Making,Analytical Ability,Leadership,Decision Making,TVL
Male,City,Flexibility,Self motivation,Numeracy,Written Communication,Leadership,Creative Thinking,TVL
Female,City,Work from anywhere,Negotiating,Team Work,Time Management,Numeracy,Team Work,TVL
Male,Abroad,Work from anywhere,Written Communication,Creative Thinking,Creative Thinking,Leadership,Decision Making,ABM
Male,Suburban Area,Flexibility,Leadership,Commercial Awareness,Flexibility,Verbal Communication,Verbal Communication,ABM
Male,City,Move Often,Decision Making,Analytical Ability,Problem Solving,Written Communication,Self motivation,HUMSS
Female,Suburban Area,Work from anywhere,Negotiating,Creative Thinking,Negotiating,Verbal Communication,Verbal Communication,STEM
Male,Rural Area,Stay in one place,Flexibility,Verbal Communication,Decision Making,Decision Making,Problem Solving,GAS
Male,Abroad,Stay in one place,Decision Making,Written Communication,Flexibility,Numeracy,Verbal Communication,GAS
Female,Abroad,Move Often,Analytical Ability,Creative Thinking,Verbal Communication,Flexibility,Written Communication,GAS
Male,City,Flexibility,Numeracy,Flexibility,Decision Making,Decision Making,Numeracy,ABM
Male,City,Move Often,Numeracy,Negotiating,Creative Thinking,Problem Solving,Creative Thinking,STEM
Female,Rural Area,Stay in one place,Verbal Communication,Verbal Communication,Team Work,Time Management,Team Work,STEM
Male,Suburban Area,Work from anywhere,Creative Thinking,Problem Solving,Creative Thinking,Analytical Ability,Creative Thinking,HUMSS
Female,Suburban Area,Move Often,Analytical Ability,Verbal Communication,Problem Solving,Negotiating,Negotiating,TVL
Female,Rural Area,Move Often,Analytical Ability,Leadership,Flexibility,Creative Thinking,Team Work,HUMSS
Female,Suburban Area,Move Often,Flexibility,Written Communication,Time Management,Self motivation,Verbal Communication,TVL
Female,Rural Area,Move Often,Flexibility,Problem Solving,Commercial Awareness,Decision Making,Numeracy,HUMSS
Female,Rural Area,Flexibility,Commercial Awareness,Creative Thinking,Team Work,Commercial Awareness,Leadership,GAS
Male,Flexible,Flexibility,Analytical Ability,Decision Making,Verbal Communication,Decision Making,Self motivation,STEM
Male,City,Move Often,Leadership,Commercial Awareness,Decision Making,Creative Thinking,Written Communication,ABM
Female,Abroad,Flexibility,Verbal Communication,Creative Thinking,Problem Solving,Negotiating,Commercial Awareness,HUMSS
Male,Suburban Area,Work from anywhere,Commercial Awareness,Leadership,Team Work,Time Management,Commercial Awareness,HUMSS
Male,Flexible,Flexibility,Flexibility,Negotiating,Problem Solving,Numeracy,Numeracy,TVL
Female,Abroad,Flexibility,Verbal Communication,Verbal Communication,Flexibility,Creative Thinking,Flexibility,STEM
Male,Suburban Area,Work from anywhere,Negotiating,Numeracy,Numeracy,Written Communication,Commercial Awareness,ABM
Male,Suburban Area,Move Often,Team Work,Analytical Ability,Time Management,Team Work,Creative Thinking,STEM
Female,Rural Area,Work from anywhere,Team Work,Self motivation,Verbal Communication,Analytical Ability,Decision Making,ABM
Male,Flexible,Work from anywhere,Problem Solving,Leadership,Team Work,Self motivation,Numeracy,GAS
Male,Suburban Area,Flexibility,Creative Thinking,Written Communication,Team Work,Numeracy,Analytical Ability,TVL
Male,City,Flexibility,Analytical Ability,Verbal Communication,Problem Solving,Verbal Communication,Flexibility,GAS
Male,Abroad,Move Often,Analytical Ability,Verbal Communication,Creative Thinking,Problem Solving,Flexibility,STEM
Male,Suburban Area,Move Often,Creative Thinking,Decision Making,Creative Thinking,Time Management,Problem Solving,GAS
Male,Flexible,Flexibility,Problem Solving,Negotiating,Written Communication,Problem Solving,Written Communication,GAS
Female,Rural Area,Work from anywhere,Problem Solving,Commercial Awareness,Numeracy,Commercial Awareness,Flexibility,STEM
Male,Abroad,Move Often,Commercial Awareness,Decision Making,Self motivation,Team Work,Creative Thinking,ABM
Female,Flexible,Work from anywhere,Numeracy,Team Work,Creative Thinking,Self motivation,Negotiating,GAS
Male,Rural Area,Flexibility,Written Communication,Time Management,Flexibility,Commercial Awareness,Verbal Communication,STEM
Male,Flexible,Work from anywhere,Numeracy,Self motivation,Written Communication,Analytical Ability,Commercial Awareness,ABM
Male,Abroad,Flexibility,Analytical Ability,Analytical Ability,Flexibility,Analytical Ability,Time Management,TVL
Female,Rural Area,Flexibility,Time Management,Team Work,Negotiating,Problem Solving,Verbal Communication,TVL
Female,Rural Area,Stay in one place,Analytical Ability,Negotiating,Team Work,Written Communication,Commercial Awareness,ABM
Female,Flexible,Move Often,Self motivation,Flexibility,Numeracy,Team Work,Decision Making,GAS
Female,Flexible,Work from anywhere,Analytical Ability,Analytical Ability,Team Work,Verbal Communication,Decision Making,STEM
Female,Rural Area,Flexibility,Verbal Communication,Flexibility,Self motivation,Creative Thinking,Team Work,STEM
Female,Rural Area,Flexibility,Negotiating,Team Work,Problem Solving,Verbal Communication,Commercial Awareness,STEM
Male,Rural Area,Flexibility,Verbal Communication,Self motivation,Problem Solving,Verbal Communication,Team Work,HUMSS
Male,Abroad,Move Often,Team Work,Analytical Ability,Creative Thinking,Commercial Awareness,Creative Thinking,TVL
Female,City,Work from anywhere,Decision Making,Team Work,Time Management,Verbal Communication,Numeracy,HUMSS
Male,Flexible,Stay in one place,Negotiating,Flexibility,Creative Thinking,Time Management,Written Communication,STEM
Male,Flexible,Work from anywhere,Written Communication,Problem Solving,Creative Thinking,Verbal Communication,Self motivation,GAS
Female,Rural Area,Work from anywhere,Time Management,Commercial Awareness,Negotiating,Problem Solving,Time Management,GAS
Male,Flexible,Work from anywhere,Numeracy,Self motivation,Analytical Ability,Verbal Communication,Negotiating,STEM
Female,Flexible,Flexibility,Analytical Ability,Numeracy,Time Management,Negotiating,Self motivation,GAS
Male,Rural Area,Move Often,Commercial Awareness,Flexibility,Team Work,Problem Solving,Negotiating,GAS
Female,Abroad,Stay in one place,Verbal Communication,Verbal Communication,Self motivation,Self motivation,Flexibility,TVL
Male,Rural Area,Stay in one place,Written Communication,Written Communication,Creative Thinking,Analytical Ability,Verbal Communication,ABM
Male,Rural Area,Work from anywhere,Creative Thinking,Verbal Communication,Numeracy,Analytical Ability,Written Communication,STEM
Male,Rural Area,Move Often,Time Management,Verbal Communication,Self motivation,Time Management,Verbal Communication,GAS
Female,Abroad,Stay in one place,Negotiating,Self motivation,Time Management,Numeracy,Analytical Ability,GAS
Male,Abroad,Move Often,Written Communication,Time Management,Verbal Communication,Leadership,Problem Solving,HUMSS
Female,Suburban Area,Work from anywhere,Decision Making,Time Management,Creative Thinking,Team Work,Problem Solving,GAS
Male,Flexible,Move Often,Leadership,Written Communication,Leadership,Creative Thinking,Time Management,STEM
Male,Abroad,Work from anywhere,Written Communication,Time Management,Problem Solving,Verbal Communication,Written Communication,ABM
Female,Rural Area,Work from anywhere,Commercial Awareness,Problem Solving,Verbal Communication,Negotiating,Self motivation,TVL
Male,Abroad,Move Often,Self motivation,Analytical Ability,Flexibility,Written Communication,Verbal Communication,ABM
Female,Abroad,Flexibility,Commercial Awareness,Decision Making,Verbal Communication,Team Work,Creative Thinking,TVL
Female,Flexible,Move Often,Commercial Awareness,Decision Making,Self motivation,Team Work,Numeracy,TVL
Male,Flexible,Stay in one place,Flexibility,Time Management,Time Management,Written Communication,Decision Making,ABM
Female,Suburban Area,Flexibility,Commercial Awareness,Numeracy,Team Work,Negotiating,Commercial Awareness,TVL
Female,Abroad,Move Often,Creative Thinking,Negotiating,Team Work,Negotiating,Negotiating,TVL
Female,Abroad,Stay in one place,Verbal Communication,Numeracy,Problem Solving,Numeracy,Problem Solving,HUMSS
Female,Flexible,Flexibility,Leadership,Time Management,Flexibility,Negotiating,Numeracy,GAS
Male,Rural Area,Stay in one place,Decision Making,Decision Making,Analytical Ability,Analytical Ability,Time Management,ABM
Male,Rural Area,Flexibility,Team Work,Numeracy,Decision Making,Numeracy,Written Communication,GAS
Male,City,Move Often,Leadership,Numeracy,Written Communication,Written Communication,Problem Solving,HUMSS
Female,Abroad,Stay in one place,Creative Thinking,Verbal Communication,Self motivation,Verbal Communication,Time Management,GAS
Female,City,Work from anywhere,Team Work,Commercial Awareness,Decision Making,Flexibility,Written Communication,GAS
Male,Rural Area,Stay in one place,Written Communication,Team Work,Flexibility,Self motivation,Analytical Ability,HUMSS
Female,Abroad,Work from anywhere,Team Work,Flexibility,Flexibility,Problem Solving,Numeracy,GAS
Female,Suburban Area,Stay in one place,Leadership,Analytical Ability,Creative Thinking,Problem Solving,Time Management,GAS
Female,Suburban Area,Work from anywhere,Creative Thinking,Leadership,Problem Solving,Verbal Communication,Numeracy,ABM
Female,City,Move Often,Negotiating,Numeracy,Verbal Communication,Written Communication,Verbal Communication,ABM
Male,Rural Area,Move Often,Verbal Communication,Analytical Ability,Negotiating,Analytical Ability,Creative Thinking,HUMSS
Female,Suburban Area,Work from anywhere,Leadership,Flexibility,Team Work,Negotiating,Problem Solving,GAS
Male,City,Flexibility,Decision Making,Commercial Awareness,Self motivation,Commercial Awareness,Self motivation,ABM
Female,City,Stay in one place,Problem Solving,Flexibility,Analytical Ability,Numeracy,Analytical Ability,ABM
Male,Rural Area,Stay in one place,Team Work,Commercial Awareness,Analytical Ability,Creative Thinking,Numeracy,HUMSS
Male,Flexible,Stay in one place,Written Communication,Verbal Communication,Creative Thinking,Leadership,Time Management,STEM
Male,City,Move Often,Decision Making,Analytical Ability,Time Management,Analytical Ability,Time Management,STEM
Male,Flexible,Stay in one place,Time Management,Leadership,Leadership,Analytical Ability,Leadership,GAS
Female,Rural Area,Stay in one place,Team Work,Verbal Communication,Time Management,Written Communication,Written Communication,TVL
Female,Rural Area,Work from anywhere,Problem Solving,Negotiating,Numeracy,Flexibility,Self motivation,ABM
Male,Suburban Area,Stay in one place,Leadership,Numeracy,Self motivation,Commercial Awareness,Commercial Awareness,GAS
Female,Abroad,Flexibility,Creative Thinking,Analytical Ability,Written Communication,Self motivation,Negotiating,TVL
Female,Rural Area,Stay in one place,Verbal Communication,Negotiating,Decision Making,Analytical Ability,Written Communication,HUMSS
Male,Abroad,Move Often,Decision Making,Time Management,Written Communication,Written Communication,Negotiating,STEM
Female,Suburban Area,Work from anywhere,Problem Solving,Written Communication,Analytical Ability,Written Communication,Problem Solving,HUMSS
Female,Suburban Area,Flexibility,Commercial Awareness,Leadership,Problem Solving,Self motivation,Flexibility,GAS
Female,Suburban Area,Move Often,Problem Solving,Problem Solving,Negotiating,Flexibility,Negotiating,GAS
Female,Rural Area,Stay in one place,Commercial Awareness,Decision Making,Leadership,Negotiating,Problem Solving,ABM
Male,Rural Area,Work from anywhere,Time Management,Leadership,Written Communication,Problem Solving,Numeracy,ABM
Female,City,Stay in one place,Written Communication,Negotiating,Commercial Awareness,Time Management,Analytical Ability,TVL
Female,Suburban Area,Work from anywhere,Flexibility,Verbal Communication,Creative Thinking,Analytical Ability,Leadership,GAS
Male,Flexible,Move Often,Time Management,Numeracy,Written Communication,Written Communication,Negotiating,STEM
Female,Suburban Area,Flexibility,Team Work,Analytical Ability,Self motivation,Written Communication,Verbal Communication,TVL
Male,Rural Area,Move Often,Leadership,Leadership,Self motivation,Negotiating,Verbal Communication,GAS
Male,Rural Area,Flexibility,Flexibility,Verbal Communication,Analytical Ability,Numeracy,Numeracy,ABM
Male,Flexible,Work from anywhere,Leadership,Verbal Communication,Problem Solving,Time Management,Decision Making,HUMSS
Female,City,Flexibility,Verbal Communication,Commercial Awareness,Leadership,Written Communication,Numeracy,STEM
Female,City,Stay in one place,Negotiating,Negotiating,Commercial Awareness,Numeracy,Time Management,ABM
Female,Rural Area,Flexibility,Analytical Ability,Team Work,Decision Making,Self motivation,Written Communication,TVL
Male,Flexible,Move Often,Flexibility,Negotiating,Flexibility,Problem Solving,Problem Solving,HUMSS
Female,Suburban Area,Move Often,Decision Making,Creative Thinking,Decision Making,Time Management,Self motivation,ABM
Male,Flexible,Work from anywhere,Decision Making,Analytical Ability,Analytical Ability,Numeracy,Commercial Awareness,TVL
Female,Suburban Area,Move Often,Leadership,Verbal Communication,Decision Making,Team Work,Commercial Awareness,STEM
Male,Abroad,Move Often,Problem Solving,Flexibility,Decision Making,Flexibility,Self motivation,TVL
Female,Flexible,Work from anywhere,Problem Solving,Verbal Communication,Numeracy,Creative Thinking,Commercial Awareness,HUMSS
Male,Rural Area,Work from anywhere,Decision Making,Self motivation,Creative Thinking,Verbal Communication,Time Management,ABM
Male,Rural Area,Stay in one place,Negotiating,Negotiating,Leadership,Decision Making,Verbal Communication,HUMSS
Male,Flexible,Flexibility,Analytical Ability,Creative Thinking,Team Work,Written Communication,Commercial Awareness,ABM
Male,Flexible,Move Often,Negotiating,Time Management,Decision Making,Creative Thinking,Negotiating,GAS
Male,Flexible,Move Often,Self motivation,Decision Making,Commercial Awareness,Leadership,Problem Solving,TVL
Female,Suburban Area,Work from anywhere,Verbal Communication,Self motivation,Commercial Awareness,Creative Thinking,Decision Making,TVL
Female,Rural Area,Flexibility,Analytical Ability,Negotiating,Analytical Ability,Time Management,Commercial Awareness,ABM
Female,Flexible,Move Often,Time Management,Leadership,Written Communication,Team Work,Numeracy,ABM
Male,Suburban Area,Flexibility,Time Management,Team Work,Numeracy,Time Management,Leadership,GAS
Male,City,Stay in one place,Leadership,Self motivation,Numeracy,Analytical Ability,Numeracy,TVL
Female,City,Flexibility,Written Communication,Decision Making,Verbal Communication,Problem Solving,Verbal Communication,TVL
Female,Abroad,Work from anywhere,Negotiating,Negotiating,Creative Thinking,Decision Making,Analytical Ability,ABM
Female,Flexible,Work from anywhere,Decision Making,Commercial Awareness,Numeracy,Self motivation,Flexibility,ABM
Male,Suburban Area,Move Often,Verbal Communication,Self motivation,Written Communication,Team Work,Time Management,GAS
Male,Rural Area,Stay in one place,Verbal Communication,Self motivation,Flexibility,Flexibility,Creative Thinking,TVL
Female,Rural Area,Work from anywhere,Team Work,Decision Making,Verbal Communication,Time Management,Leadership,GAS
Female,Rural Area,Work from anywhere,Decision Making,Problem Solving,Written Communication,Commercial Awareness,Team Work,HUMSS
Female,City,Work from anywhere,Numeracy,Problem Solving,Decision Making,Numeracy,Negotiating,TVL
Female,City,Move Often,Self motivation,Self motivation,Team Work,Time Management,Written Communication,TVL
Male,City,Move Often,Time Management,Time Management,Analytical Ability,Flexibility,Negotiating,ABM
Female,Rural Area,Flexibility,Creative Thinking,Analytical Ability,Commercial Awareness,Negotiating,Verbal Communication,STEM
Female,Rural Area,Flexibility,Time Management,Numeracy,Self motivation,Self motivation,Self motivation,ABM
Female,Suburban Area,Flexibility,Decision Making,Written Communication,Analytical Ability,Flexibility,Flexibility,STEM
Female,City,Work from anywhere,Written Communication,Negotiating,Analytical Ability,Self motivation,Written Communication,GAS
Female,Rural Area,Work from anywhere,Time Management,Leadership,Commercial Awareness,Flexibility,Creative Thinking,STEM
Male,Suburban Area,Work from anywhere,Problem Solving,Decision Making,Analytical Ability,Creative Thinking,Verbal Communication,TVL
Female,Rural Area,Flexibility,Numeracy,Commercial Awareness,Time Management,Creative Thinking,Numeracy,STEM
Male,Rural Area,Stay in one place,Flexibility,Written Communication,Written Communication,Numeracy,Creative Thinking,STEM
Female,Abroad,Flexibility,Self motivation,Problem Solving,Problem Solving,Team Work,Problem Solving,STEM
Male,Abroad,Work from anywhere,Numeracy,Flexibility,Time Management,Creative Thinking,Team Work,STEM
Female,City,Move Often,Negotiating,Flexibility,Time Management,Flexibility,Flexibility,ABM
Female,Rural Area,Flexibility,Decision Making,Leadership,Time Management,Time Management,Creative Thinking,GAS
Male,Rural Area,Flexibility,Commercial Awareness,Numeracy,Numeracy,Problem Solving,Self motivation,GAS
Female,Rural Area,Move Often,Flexibility,Commercial Awareness,Commercial Awareness,Written Communication,Flexibility,STEM
Male,Abroad,Stay in one place,Negotiating,Verbal Communication,Team Work,Flexibility,Negotiating,TVL
Male,City,Stay in one place,Analytical Ability,Self motivation,Creative Thinking,Negotiating,Written Communication,STEM
Male,City,Move Often,Time Management,Decision Making,Time Management,Problem Solving,Time Management,TVL
Female,Rural Area,Stay in one place,Time Management,Numeracy,Time Management,Team Work,Problem Solving,STEM
Male,Rural Area,Work from anywhere,Flexibility,Team Work,Verbal Communication,Decision Making,Time Management,ABM
Female,Suburban Area,Flexibility,Commercial Awareness,Creative Thinking,Problem Solving,Leadership,Numeracy,HUMSS
Female,City,Flexibility,Team Work,Commercial Awareness,Self motivation,Flexibility,Time Management,ABM
Female,City,Work from anywhere,Creative Thinking,Time Management,Negotiating,Problem Solving,Leadership,STEM
Female,Abroad,Flexibility,Commercial Awareness,Commercial Awareness,Team Work,Flexibility,Team Work,GAS
Male,Abroad,Flexibility,Negotiating,Negotiating,Commercial Awareness,Analytical Ability,Written Communication,ABM
Male,Rural Area,Stay in one place,Leadership,Self motivation,Verbal Communication,Decision Making,Written Communication,ABM
Female,Flexible,Work from anywhere,Time Management,Problem Solving,Leadership,Written Communication,Self motivation,GAS
Male,Abroad,Flexibility,Decision Making,Time Management,Problem Solving,Problem Solving,Self motivation,TVL
Male,City,Work from anywhere,Time Management,Leadership,Written Communication,Commercial Awareness,Time Management,ABM
Male,Suburban Area,Move Often,Leadership,Flexibility,Leadership,Analytical Ability,Verbal Communication,TVL
Male,Suburban Area,Move Often,Numeracy,Team Work,Leadership,Time Management,Decision Making,HUMSS
Female,Abroad,Stay in one place,Commercial Awareness,Written Communication,Commercial Awareness,Team Work,Self motivation,TVL
Female,City,Flexibility,Leadership,Decision Making,Decision Making,Decision Making,Problem Solving,STEM
Male,Suburban Area,Stay in one place,Numeracy,Negotiating,Decision Making,Creative Thinking,Creative Thinking,STEM
Female,Abroad,Move Often,Self motivation,Analytical Ability,Verbal Communication,Leadership,Team Work,ABM
Male,Suburban Area,Flexibility,Team Work,Self motivation,Self motivation,Leadership,Team Work,TVL
Female,Suburban Area,Work from anywhere,Decision Making,Decision Making,Verbal Communication,Time Management,Flexibility,GAS
Female,Abroad,Flexibility,Team Work,Team Work,Verbal Communication,Self motivation,Negotiating,GAS
Female,Abroad,Flexibility,Flexibility,Numeracy,Time Management,Leadership,Creative Thinking,TVL
Male,Suburban Area,Move Often,Time Management,Analytical Ability,Problem Solving,Written Communication,Verbal Communication,STEM
Female,Suburban Area,Flexibility,Written Communication,Decision Making,Time Management,Analytical Ability,Self motivation,HUMSS
Male,Rural Area,Flexibility,Commercial Awareness,Problem Solving,Numeracy,Written Communication,Team Work,STEM
Female,Suburban Area,Flexibility,Commercial Awareness,Team Work,Time Management,Commercial Awareness,Negotiating,STEM
Female,City,Move Often,Problem Solving,Creative Thinking,Verbal Communication,Leadership,Numeracy,ABM
Male,City,Work from anywhere,Time Management,Leadership,Written Communication,Leadership,Numeracy,TVL
Female,Flexible,Move Often,Self motivation,Decision Making,Verbal Communication,Verbal Communication,Commercial Awareness,HUMSS
Female,Rural Area,Move Often,Team Work,Problem Solving,Flexibility,Flexibility,Creative Thinking,GAS
Female,Suburban Area,Flexibility,Verbal Communication,Time Management,Team Work,Time Management,Written Communication,HUMSS
Female,City,Move Often,Decision Making,Self motivation,Team Work,Problem Solving,Decision Making,TVL
Male,Flexible,Work from anywhere,Numeracy,Team Work,Self motivation,Team Work,Decision Making,TVL
Male,Rural Area,Move Often,Flexibility,Negotiating,Analytical Ability,Time Management,Team Work,TVL
Female,Suburban Area,Work from anywhere,Flexibility,Leadership,Decision Making,Written Communication,Verbal Communication,TVL
Female,Abroad,Flexibility,Negotiating,Flexibility,Self motivation,Negotiating,Creative Thinking,STEM
Female,Flexible,Flexibility,Commercial Awareness,Creative Thinking,Written Communication,Commercial Awareness,Verbal Communication,GAS
Female,City,Stay in one place,Negotiating,Decision Making,Self motivation,Creative Thinking,Problem Solving,HUMSS
Male,Abroad,Work from anywhere,Leadership,Self motivation,Written Communication,Negotiating,Team Work,ABM
Male,City,Flexibility,Flexibility,Leadership,Leadership,Creative Thinking,Numeracy,ABM
Male,Abroad,Move Often,Team Work,Verbal Communication,Time Management,Commercial Awareness,Flexibility,TVL
Male,Rural Area,Stay in one place,Time Management,Problem Solving,Problem Solving,Leadership,Leadership,GAS
Female,Rural Area,Move Often,Creative Thinking,Written Communication,Commercial Awareness,Written Communication,Numeracy,TVL
Male,Abroad,Stay in one place,Verbal Communication,Creative Thinking,Written Communication,Numeracy,Self motivation,TVL
Female,Suburban Area,Flexibility,Problem Solving,Commercial Awareness,Self motivation,Self motivation,Written Communication,HUMSS
Female,Suburban Area,Flexibility,Negotiating,Negotiating,Leadership,Analytical Ability,Creative Thinking,HUMSS
Female,Rural Area,Stay in one place,Negotiating,Creative Thinking,Numeracy,Written Communication,Analytical Ability,TVL
Male,Abroad,Flexibility,Time Management,Written Communication,Commercial Awareness,Negotiating,Analytical Ability,GAS
Male,Abroad,Move Often,Team Work,Time Management,Self motivation,Analytical Ability,Problem Solving,ABM
Male,Rural Area,Flexibility,Commercial Awareness,Analytical Ability,Analytical Ability,Commercial Awareness,Creative Thinking,STEM
Male,Abroad,Flexibility,Problem Solving,Problem Solving,Written Communication,Time Management,Verbal Communication,ABM
Male,Abroad,Work from anywhere,Self motivation,Problem Solving,Self motivation,Written Communication,Team Work,ABM
Male,Flexible,Stay in one place,Team Work,Team Work,Team Work,Flexibility,Verbal Communication,HUMSS
Female,Suburban Area,Stay in one place,Time Management,Written Communication,Decision Making,Self motivation,Time Management,TVL
Female,Rural Area,Move Often,Leadership,Commercial Awareness,Creative Thinking,Negotiating,Negotiating,TVL
Male,City,Move Often,Analytical Ability,Creative Thinking,Negotiating,Problem Solving,Numeracy,HUMSS
Female,Flexible,Stay in one place,Team Work,Decision Making,Flexibility,Self motivation,Numeracy,STEM
Male,Abroad,Work from anywhere,Time Management,Self motivation,Problem Solving,Self motivation,Verbal Communication,HUMSS
Female,Flexible,Move Often,Written Communication,Leadership,Leadership,Team Work,Numeracy,TVL
Female,Flexible,Flexibility,Problem Solving,Negotiating,Creative Thinking,Verbal Communication,Team Work,ABM
Male,Abroad,Flexibility,Negotiating,Problem Solving,Written Communication,Time Management,Leadership,HUMSS
Female,Suburban Area,Move Often,Creative Thinking,Verbal Communication,Self motivation,Leadership,Leadership,ABM
Female,Flexible,Work from anywhere,Self motivation,Time Management,Creative Thinking,Numeracy,Commercial Awareness,ABM
Male,Suburban Area,Work from anywhere,Negotiating,Numeracy,Commercial Awareness,Creative Thinking,Problem Solving,HUMSS
Male,Abroad,Flexibility,Commercial Awareness,Creative Thinking,Leadership,Creative Thinking,Written Communication,TVL
Female,Suburban Area,Flexibility,Time Management,Decision Making,Analytical Ability,Time Management,Creative Thinking,ABM
Female,Abroad,Stay in one place,Leadership,Decision Making,Problem Solving,Leadership,Flexibility,HUMSS
Male,Abroad,Stay in one place,Negotiating,Problem Solving,Negotiating,Team Work,Problem Solving,GAS
Female,Suburban Area,Flexibility,Leadership,Verbal Communication,Flexibility,Flexibility,Flexibility,TVL
Male,Abroad,Stay in one place,Commercial Awareness,Negotiating,Problem Solving,Negotiating,Numeracy,STEM
Female,Flexible,Flexibility,Leadership,Written Communication,Numeracy,Time Management,Creative Thinking,GAS
Male,Flexible,Stay in one place,Decision Making,Written Communication,Negotiating,Flexibility,Team Work,HUMSS
Male,City,Flexibility,Self motivation,Problem Solving,Decision Making,Numeracy,Analytical Ability,HUMSS
Female,Flexible,Stay in one place,Problem Solving,Analytical Ability,Flexibility,Time Management,Verbal Communication,TVL
Male,Rural Area,Stay in one place,Decision Making,Verbal Communication,Time Management,Verbal Communication,Team Work,ABM
Female,Flexible,Work from anywhere,Decision Making,Decision Making,Self motivation,Team Work,Self motivation,HUMSS
Male,City,Move Often,Numeracy,Negotiating,Decision Making,Analytical Ability,Creative Thinking,TVL
Male,Rural Area,Flexibility,Creative Thinking,Creative Thinking,Negotiating,Time Management,Decision Making,HUMSS
Female,Rural Area,Work from anywhere,Problem Solving,Analytical Ability,Negotiating,Analytical Ability,Numeracy,ABM
Female,Suburban Area,Flexibility,Leadership,Decision Making,Team Work,Analytical Ability,Self motivation,HUMSS
Male,Rural Area,Stay in one place,Problem Solving,Commercial Awareness,Time Management,Flexibility,Problem Solving,ABM
Female,Flexible,Stay in one place,Flexibility,Numeracy,Commercial Awareness,Self motivation,Flexibility,HUMSS
Female,Flexible,Stay in one place,Team Work,Written Communication,Leadership,Analytical Ability,Commercial Awareness,TVL
Female,City,Work from anywhere,Written Communication,Verbal Communication,Self motivation,Creative Thinking,Time Management,TVL
Female,Suburban Area,Work from anywhere,Commercial Awareness,Numeracy,Decision Making,Numeracy,Written Communication,TVL
Female,Flexible,Flexibility,Team Work,Written Communication,Self motivation,Verbal Communication,Numeracy,GAS
Female,City,Stay in one place,Written Communication,Team Work,Self motivation,Analytical Ability,Numeracy,STEM
Female,City,Work from anywhere,Commercial Awareness,Self motivation,Self motivation,Creative Thinking,Team Work,GAS
Female,Flexible,Work from anywhere,Analytical Ability,Team Work,Self motivation,Verbal Communication,Team Work,GAS
Female,Abroad,Stay in one place,Commercial Awareness,Creative Thinking,Verbal Communication,Leadership,Problem Solving,STEM
Male,Abroad,Work from anywhere,Self motivation,Commercial Awareness,Creative Thinking,Team Work,Written Communication,TVL
Male,City,Flexibility,Written Communication,Self motivation,Analytical Ability,Analytical Ability,Flexibility,ABM
Female,Suburban Area,Stay in one place,Verbal Communication,Leadership,Problem Solving,Flexibility,Time Management,ABM
Male,Rural Area,Stay in one place,Verbal Communication,Decision Making,Problem Solving,Analytical Ability,Analytical Ability,HUMSS
Male,Abroad,Stay in one place,Self motivation,Negotiating,Written Communication,Written Communication,Numeracy,ABM
Female,Rural Area,Work from anywhere,Analytical Ability,Leadership,Verbal Communication,Written Communication,Problem Solving,TVL
Male,Flexible,Flexibility,Verbal Communication,Leadership,Numeracy,Numeracy,Leadership,TVL
Female,Abroad,Stay in one place,Self motivation,Analytical Ability,Verbal Communication,Written Communication,Decision Making,ABM
Female,Abroad,Flexibility,Verbal Communication,Negotiating,Negotiating,Written Communication,Problem Solving,GAS
Male,Flexible,Move Often,Team Work,Leadership,Verbal Communication,Numeracy,Time Management,STEM
Male,Suburban Area,Move Often,Team Work,Problem Solving,Commercial Awareness,Flexibility,Team Work,ABM
Male,Abroad,Flexibility,Commercial Awareness,Self motivation,Verbal Communication,Leadership,Leadership,ABM
Female,Suburban Area,Flexibility,Negotiating,Analytical Ability,Team Work,Leadership,Leadership,GAS
Female,City,Flexibility,Verbal Communication,Time Management,Numeracy,Time Management,Self motivation,ABM
Female,Rural Area,Move Often,Decision Making,Time Management,Creative Thinking,Commercial Awareness,Flexibility,TVL
Male,City,Move Often,Leadership,Problem Solving,Written Communication,Numeracy,Time Management,HUMSS
Female,Rural Area,Stay in one place,Verbal Communication,Problem Solving,Decision Making,Verbal Communication,Commercial Awareness,TVL
Male,Abroad,Work from anywhere,Flexibility,Team Work,Self motivation,Flexibility,Negotiating,ABM
Female,Rural Area,Flexibility,Creative Thinking,Team Work,Team Work,Self motivation,Time Management,GAS
Male,City,Work from anywhere,Creative Thinking,Analytical Ability,Self motivation,Decision Making,Written Communication,TVL
Female,Flexible,Stay in one place,Leadership,Creative Thinking,Leadership,Leadership,Written Communication,GAS
Male,Abroad,Move Often,Written Communication,Analytical Ability,Time Management,Decision Making,Numeracy,HUMSS
Female,Rural Area,Work from anywhere,Creative Thinking,Analytical Ability,Decision Making,Analytical Ability,Negotiating,ABM
Male,City,Work from anywhere,Analytical Ability,Leadership,Problem Solving,Written Communication,Negotiating,HUMSS
Male,City,Work from anywhere,Leadership,Time Management,Self motivation,Creative Thinking,Creative Thinking,ABM
Female,Suburban Area,Flexibility,Decision Making,Written Communication,Self motivation,Commercial Awareness,Verbal Communication,HUMSS
Female,City,Stay in one place,Numeracy,Leadership,Verbal Communication,Creative Thinking,Flexibility,HUMSS
Female,Abroad,Stay in one place,Self motivation,Team Work,Negotiating,Time Management,Self motivation,ABM
Male,City,Flexibility,Problem Solving,Creative Thinking,Decision Making,Team Work,Verbal Communication,STEM
Male,Rural Area,Work from anywhere,Numeracy,Flexibility,Written Communication,Written Communication,Team Work,GAS
Female,City,Work from anywhere,Self motivation,Self motivation,Written Communication,Time Management,Decision Making,HUMSS
Male,Flexible,Move Often,Creative Thinking,Leadership,Flexibility,Negotiating,Leadership,GAS
Male,Rural Area,Flexibility,Self motivation,Self motivation,Time Management,Leadership,Creative Thinking,ABM
Male,Suburban Area,Flexibility,Problem Solving,Numeracy,Problem Solving,Analytical Ability,Decision Making,GAS
Male,City,Move Often,Decision Making,Commercial Awareness,Verbal Communication,Written Communication,Numeracy,STEM
Male,City,Work from anywhere,Analytical Ability,Self motivation,Numeracy,Leadership,Negotiating,TVL
Male,Rural Area,Flexibility,Time Management,Leadership,Analytical Ability,Problem Solving,Analytical Ability,HUMSS
Male,Suburban Area,Work from anywhere,Flexibility,Flexibility,Flexibility,Negotiating,Problem Solving,TVL
Female,Abroad,Stay in one place,Creative Thinking,Numeracy,Verbal Communication,Numeracy,Self motivation,STEM
Male,Abroad,Flexibility,Leadership,Team Work,Negotiating,Verbal Communication,Commercial Awareness,HUMSS
Female,Abroad,Stay in one place,Problem Solving,Analytical Ability,Team Work,Problem Solving,Creative Thinking,HUMSS
Female,Abroad,Move Often,Creative Thinking,Problem Solving,Time Management,Flexibility,Leadership,STEM
Female,Flexible,Flexibility,Written Communication,Time Management,Flexibility,Flexibility,Problem Solving,ABM
Female,Flexible,Flexibility,Team Work,Negotiating,Analytical Ability,Verbal Communication,Negotiating,TVL
Male,Rural Area,Flexibility,Flexibility,Analytical Ability,Verbal Communication,Commercial Awareness,Analytical Ability,TVL
Male,Suburban Area,Stay in one place,Leadership,Negotiating,Analytical Ability,Numeracy,Self motivation,HUMSS
Male,City,Flexibility,Problem Solving,Decision Making,Problem Solving,Negotiating,Verbal Communication,TVL
Male,City,Flexibility,Written Communication,Time Management,Team Work,Written Communication,Numeracy,STEM
Female,Flexible,Work from anywhere,Verbal Communication,Time Management,Analytical Ability,Problem Solving,Numeracy,TVL
Female,Suburban Area,Move Often,Creative Thinking,Decision Making,Creative Thinking,Creative Thinking,Flexibility,ABM
Male,Flexible,Flexibility,Negotiating,Flexibility,Verbal Communication,Written Communication,Numeracy,STEM
Male,Flexible,Stay in one place,Commercial Awareness,Commercial Awareness,Commercial Awareness,Analytical Ability,Numeracy,ABM
Female,Flexible,Flexibility,Team Work,Written Communication,Flexibility,Time Management,Team Work,ABM
Female,City,Move Often,Creative Thinking,Verbal Communication,Flexibility,Self motivation,Leadership,TVL
Female,Flexible,Stay in one place,Self motivation,Written Communication,Analytical Ability,Negotiating,Commercial Awareness,TVL
Male,Abroad,Work from anywhere,Problem Solving,Decision Making,Time Management,Written Communication,Numeracy,ABM
Male,Rural Area,Work from anywhere,Decision Making,Written Communication,Time Management,Negotiating,Flexibility,STEM
Male,City,Work from anywhere,Commercial Awareness,Self motivation,Problem Solving,Team Work,Team Work,HUMSS
Male,Rural Area,Flexibility,Flexibility,Team Work,Team Work,Creative Thinking,Decision Making,STEM
Female,Abroad,Stay in one place,Self motivation,Numeracy,Problem Solving,Verbal Communication,Verbal Communication,ABM
Female,Rural Area,Flexibility,Leadership,Verbal Communication,Flexibility,Analytical Ability,Creative Thinking,STEM
Male,Flexible,Flexibility,Commercial Awareness,Negotiating,Verbal Communication,Verbal Communication,Numeracy,STEM
Female,Rural Area,Stay in one place,Self motivation,Analytical Ability,Negotiating,Commercial Awareness,Negotiating,TVL
Female,Abroad,Work from anywhere,Flexibility,Decision Making,Written Communication,Written Communication,Self motivation,TVL
Male,Suburban Area,Work from anywhere,Self motivation,Creative Thinking,Decision Making,Commercial Awareness,Time Management,HUMSS
Male,Flexible,Stay in one place,Problem Solving,Analytical Ability,Verbal Communication,Negotiating,Numeracy,GAS
Male,Suburban Area,Stay in one place,Negotiating,Written Communication,Analytical Ability,Negotiating,Leadership,STEM
Female,Flexible,Stay in one place,Negotiating,Problem Solving,Leadership,Team Work,Team Work,TVL
Male,Rural Area,Move Often,Decision Making,Self motivation,Flexibility,Problem Solving,Team Work,HUMSS
Male,Suburban Area,Move Often,Decision Making,Team Work,Commercial Awareness,Team Work,Time Management,HUMSS
Female,City,Flexibility,Team Work,Self motivation,Written Communication,Verbal Communication,Commercial Awareness,HUMSS
Female,Rural Area,Work from anywhere,Flexibility,Written Communication,Written Communication,Commercial Awareness,Negotiating,STEM
Female,Abroad,Work from anywhere,Numeracy,Numeracy,Numeracy,Time Management,Verbal Communication,STEM
Male,Flexible,Stay in one place,Decision Making,Commercial Awareness,Numeracy,Decision Making,Analytical Ability,TVL
Male,Flexible,Move Often,Commercial Awareness,Creative Thinking,Commercial Awareness,Time Management,Written Communication,STEM
Male,Flexible,Move Often,Written Communication,Commercial Awareness,Commercial Awareness,Self motivation,Flexibility,ABM
Male,Rural Area,Stay in one place,Leadership,Problem Solving,Leadership,Creative Thinking,Commercial Awareness,STEM
Female,City,Move Often,Written Communication,Decision Making,Team Work,Leadership,Numeracy,ABM
Male,Abroad,Work from anywhere,Numeracy,Time Management,Verbal Communication,Verbal Communication,Decision Making,TVL
Female,Abroad,Work from anywhere,Flexibility,Analytical Ability,Time Management,Team Work,Team Work,STEM
Male,Suburban Area,Stay in one place,Time Management,Negotiating,Flexibility,Leadership,Leadership,STEM
Female,Flexible,Flexibility,Time Management,Negotiating,Flexibility,Self motivation,Flexibility,TVL
Female,Abroad,Stay in one place,Negotiating,Leadership,Written Communication,Negotiating,Written Communication,STEM
Male,Suburban Area,Flexibility,Self motivation,Self motivation,Team Work,Time Management,Decision Making,STEM
Female,Abroad,Move Often,Written Communication,Commercial Awareness,Leadership,Self motivation,Problem Solving,TVL
Female,Suburban Area,Stay in one place,Team Work,Problem Solving,Self motivation,Analytical Ability,Leadership,GAS
Male,City,Move Often,Verbal Communication,Written Communication,Verbal Communication,Analytical Ability,Written Communication,ABM
Male,Abroad,Move Often,Problem Solving,Time Management,Leadership,Team Work,Flexibility,TVL
Female,Suburban Area,Flexibility,Problem Solving,Time Management,Time Management,Team Work,Creative Thinking,TVL
Male,Suburban Area,Flexibility,Creative Thinking,Written Communication,Negotiating,Leadership,Analytical Ability,STEM
Female,Rural Area,Move Often,Flexibility,Team Work,Team Work,Self motivation,Commercial Awareness,STEM
Female,Suburban Area,Move Often,Flexibility,Commercial Awareness,Negotiating,Problem Solving,Creative Thinking,GAS
Male,Rural Area,Work from anywhere,Self motivation,Numeracy,Self motivation,Decision Making,Flexibility,STEM
Female,Abroad,Move Often,Time Management,Time Management,Creative Thinking,Creative Thinking,Leadership,ABM
Female,Flexible,Stay in one place,Numeracy,Self motivation,Numeracy,Team Work,Negotiating,HUMSS
Female,City,Flexibility,Creative Thinking,Flexibility,Written Communication,Commercial Awareness,Written Communication,HUMSS
Female,Abroad,Work from anywhere,Leadership,Team Work,Decision Making,Team Work,Verbal Communication,GAS
Male,Abroad,Move Often,Verbal Communication,Leadership,Time Management,Verbal Communication,Flexibility,STEM
Male,Suburban Area,Stay in one place,Decision Making,Creative Thinking,Team Work,Numeracy,Self motivation,TVL
Male,Rural Area,Stay in one place,Negotiating,Flexibility,Creative Thinking,Problem Solving,Decision Making,TVL
Male,Suburban Area,Work from anywhere,Verbal Communication,Verbal Communication,Team Work,Written Communication,Creative Thinking,STEM
Female,Flexible,Stay in one place,Verbal Communication,Commercial Awareness,Written Communication,Leadership,Negotiating,STEM
Male,Flexible,Stay in one place,Problem Solving,Time Management,Time Management,Time Management,Creative Thinking,GAS
Female,Rural Area,Work from anywhere,Creative Thinking,Written Communication,Time Management,Verbal Communication,Analytical Ability,HUMSS
Female,City,Move Often,Written Communication,Negotiating,Commercial Awareness,Time Management,Time Management,GAS
Male,City,Work from anywhere,Written Communication,Decision Making,Analytical Ability,Flexibility,Team Work,HUMSS
Male,Suburban Area,Stay in one place,Numeracy,Self motivation,Commercial Awareness,Analytical Ability,Leadership,HUMSS
Male,Suburban Area,Stay in one place,Commercial Awareness,Team Work,Numeracy,Leadership,Decision Making,ABM
Male,Suburban Area,Stay in one place,Team Work,Creative Thinking,Analytical Ability,Leadership,Team Work,HUMSS
Male,Flexible,Work from anywhere,Numeracy,Time Management,Time Management,Time Management,Written Communication,ABM
Male,Abroad,Flexibility,Numeracy,Team Work,Team Work,Analytical Ability,Team Work,GAS
Female,Rural Area,Flexibility,Decision Making,Commercial Awareness,Self motivation,Self motivation,Leadership,ABM
Female,Abroad,Work from anywhere,Numeracy,Flexibility,Numeracy,Flexibility,Creative Thinking,HUMSS
Female,City,Work from anywhere,Decision Making,Flexibility,Time Management,Problem Solving,Commercial Awareness,GAS
Male,Suburban Area,Move Often,Verbal Communication,Team Work,Analytical Ability,Flexibility,Numeracy,GAS
Female,Flexible,Stay in one place,Verbal Communication,Decision Making,Numeracy,Numeracy,Self motivation,HUMSS
Male,Abroad,Flexibility,Time Management,Negotiating,Time Management,Problem Solving,Commercial Awareness,TVL
Male,Rural Area,Flexibility,Leadership,Analytical Ability,Leadership,Creative Thinking,Decision Making,STEM
Male,Rural Area,Move Often,Problem Solving,Verbal Communication,Time Management,Self motivation,Negotiating,STEM
Female,City,Flexibility,Verbal Communication,Self motivation,Time Management,Time Management,Flexibility,ABM
Female,City,Work from anywhere,Creative Thinking,Leadership,Decision Making,Leadership,Time Management,ABM
Female,Suburban Area,Stay in one place,Self motivation,Analytical Ability,Numeracy,Time Management,Numeracy,ABM
Male,Flexible,Stay in one place,Analytical Ability,Time Management,Creative Thinking,Negotiating,Commercial Awareness,ABM
Male,City,Stay in one place,Analytical Ability,Creative Thinking,Verbal Communication,Team Work,Numeracy,ABM
Female,Abroad,Stay in one place,Numeracy,Verbal Communication,Time Management,Problem Solving,Decision Making,STEM
Male,City,Work from anywhere,Analytical Ability,Negotiating,Verbal Communication,Flexibility,Problem Solving,TVL
Female,City,Flexibility,Verbal Communication,Self motivation,Flexibility,Team Work,Time Management,GAS
Male,Abroad,Move Often,Decision Making,Leadership,Time Management,Verbal Communication,Analytical Ability,HUMSS
Female,Suburban Area,Stay in one place,Negotiating,Verbal Communication,Self motivation,Numeracy,Creative Thinking,ABM
Male,City,Flexibility,Creative Thinking,Written Communication,Team Work,Negotiating,Analytical Ability,HUMSS
Female,Abroad,Move Often,Written Communication,Commercial Awareness,Commercial Awareness,Problem Solving,Negotiating,ABM
Female,Suburban Area,Move Often,Team Work,Flexibility,Analytical Ability,Flexibility,Flexibility,STEM
Male,City,Stay in one place,Problem Solving,Time Management,Analytical Ability,Commercial Awareness,Creative Thinking,HUMSS
Female,Suburban Area,Stay in one place,Leadership,Decision Making,Creative Thinking,Problem Solving,Self motivation,TVL
Female,Rural Area,Move Often,Commercial Awareness,Decision Making,Analytical Ability,Negotiating,Commercial Awareness,TVL
Female,Suburban Area,Move Often,Written Communication,Verbal Communication,Commercial Awareness,Commercial Awareness,Negotiating,GAS
Male,Abroad,Stay in one place,Negotiating,Numeracy,Negotiating,Leadership,Numeracy,STEM
Male,Abroad,Flexibility,Analytical Ability,Creative Thinking,Leadership,Self motivation,Numeracy,ABM
Male,Abroad,Move Often,Problem Solving,Commercial Awareness,Numeracy,Numeracy,Team Work,TVL
Female,Rural Area,Move Often,Verbal Communication,Commercial Awareness,Leadership,Leadership,Problem Solving,STEM
Female,Abroad,Stay in one place,Flexibility,Team Work,Numeracy,Leadership,Verbal Communication,HUMSS
Female,Flexible,Move Often,Written Communication,Commercial Awareness,Verbal Communication,Negotiating,Self motivation,HUMSS
Male,Flexible,Stay in one place,Problem Solving,Decision Making,Numeracy,Creative Thinking,Leadership,HUMSS
Male,Rural Area,Flexibility,Negotiating,Team Work,Self motivation,Team Work,Leadership,STEM
Female,City,Move Often,Self motivation,Creative Thinking,Creative Thinking,Flexibility,Decision Making,ABM
Male,City,Work from anywhere,Analytical Ability,Self motivation,Flexibility,Analytical Ability,Problem Solving,STEM
Male,Flexible,Flexibility,Problem Solving,Leadership,Team Work,Leadership,Decision Making,ABM
Female,Flexible,Stay in one place,Numeracy,Problem Solving,Time Management,Team Work,Problem Solving,GAS
Female,Rural Area,Work from anywhere,Decision Making,Analytical Ability,Flexibility,Leadership,Written Communication,GAS
Female,City,Stay in one place,Problem Solving,Self motivation,Numeracy,Time Management,Self motivation,TVL
Female,Suburban Area,Move Often,Analytical Ability,Negotiating,Commercial Awareness,Commercial Awareness,Negotiating,ABM
Female,City,Work from anywhere,Written Communication,Written Communication,Flexibility,Leadership,Numeracy,TVL
Female,Flexible,Work from anywhere,Written Communication,Decision Making,Negotiating,Commercial Awareness,Problem Solving,TVL
Male,City,Flexibility,Team Work,Leadership,Verbal Communication,Verbal Communication,Verbal Communication,GAS
Male,City,Flexibility,Commercial Awareness,Commercial Awareness,Problem Solving,Self motivation,Problem Solving,HUMSS
Female,City,Stay in one place,Leadership,Analytical Ability,Leadership,Flexibility,Written Communication,GAS
Male,Rural Area,Work from anywhere,Flexibility,Decision Making,Negotiating,Negotiating,Commercial Awareness,ABM
Male,Suburban Area,Stay in one place,Problem Solving,Team Work,Commercial Awareness,Problem Solving,Numeracy,GAS
Female,City,Work from anywhere,Team Work,Decision Making,Written Communication,Written Communication,Creative Thinking,TVL
Female,Suburban Area,Flexibility,Commercial Awareness,Numeracy,Flexibility,Negotiating,Written Communication,HUMSS
Female,Flexible,Work from anywhere,Creative Thinking,Leadership,Team Work,Flexibility,Self motivation,STEM
Male,Flexible,Work from anywhere,Team Work,Time Management,Negotiating,Team Work,Written Communication,GAS
Male,Suburban Area,Stay in one place,Analytical Ability,Decision Making,Commercial Awareness,Verbal Communication,Negotiating,STEM
Male,Abroad,Stay in one place,Commercial Awareness,Time Management,Analytical Ability,Commercial Awareness,Written Communication,TVL
Male,Suburban Area,Stay in one place,Time Management,Creative Thinking,Flexibility,Creative Thinking,Flexibility,GAS
Female,Suburban Area,Flexibility,Decision Making,Commercial Awareness,Analytical Ability,Commercial Awareness,Verbal Communication,STEM
Female,Suburban Area,Work from anywhere,Written Communication,Negotiating,Numeracy,Written Communication,Verbal Communication,STEM
Male,Abroad,Flexibility,Self motivation,Analytical Ability,Leadership,Analytical Ability,Numeracy,HUMSS
Female,Abroad,Work from anywhere,Self motivation,Time Management,Decision Making,Time Management,Commercial Awareness,STEM
Female,City,Flexibility,Negotiating,Self motivation,Negotiating,Written Communication,Creative Thinking,ABM
Female,Abroad,Move Often,Analytical Ability,Flexibility,Written Communication,Leadership,Problem Solving,STEM
Female,City,Move Often,Problem Solving,Self motivation,Team Work,Written Communication,Leadership,HUMSS
Male,City,Flexibility,Flexibility,Team Work,Team Work,Commercial Awareness,Written Communication,TVL
Male,Flexible,Move Often,Negotiating,Written Communication,Negotiating,Negotiating,Self motivation,ABM
Female,Rural Area,Stay in one place,Leadership,Verbal Communication,Numeracy,Analytical Ability,Flexibility,TVL
Female,Suburban Area,Stay in one place,Team Work,Problem Solving,Time Management,Creative Thinking,Flexibility,TVL
Female,City,Flexibility,Leadership,Self motivation,Negotiating,Self motivation,Leadership,STEM
Male,Abroad,Flexibility,Problem Solving,Time Management,Time Management,Time Management,Time Management,STEM
Male,Abroad,Flexibility,Negotiating,Leadership,Self motivation,Time Management,Written Communication,GAS
Female,City,Move Often,Flexibility,Time Management,Team Work,Problem Solving,Negotiating,HUMSS
Male,Suburban Area,Work from anywhere,Time Management,Creative Thinking,Self motivation,Team Work,Time Management,GAS
Female,Suburban Area,Flexibility,Problem Solving,Negotiating,Team Work,Time Management,Verbal Communication,GAS
Female,Flexible,Move Often,Decision Making,Creative Thinking,Self motivation,Negotiating,Leadership,STEM
Female,Abroad,Stay in one place,Leadership,Commercial Awareness,Decision Making,Analytical Ability,Verbal Communication,GAS
Female,Rural Area,Stay in one place,Self motivation,Team Work,Decision Making,Commercial Awareness,Problem Solving,GAS
Male,Rural Area,Stay in one place,Self motivation,Negotiating,Creative Thinking,Verbal Communication,Self motivation,TVL
Male,Suburban Area,Work from anywhere,Problem Solving,Negotiating,Time Management,Leadership,Negotiating,TVL
Male,Rural Area,Stay in one place,Verbal Communication,Self motivation,Team Work,Team Work,Flexibility,TVL
Male,Suburban Area,Flexibility,Written Communication,Leadership,Leadership,Numeracy,Numeracy,HUMSS
Male,Suburban Area,Flexibility,Team Work,Numeracy,Leadership,Analytical Ability,Problem Solving,ABM
Male,Flexible,Work from anywhere,Negotiating,Creative Thinking,Problem Solving,Decision Making,Decision Making,ABM
Female,Rural Area,Stay in one place,Verbal Communication,Analytical Ability,Commercial Awareness,Analytical Ability,Numeracy,GAS
Female,Abroad,Flexibility,Leadership,Flexibility,Decision Making,Written Communication,Creative Thinking,HUMSS
Male,Rural Area,Move Often,Numeracy,Decision Making,Time Management,Commercial Awareness,Commercial Awareness,TVL
Male,Abroad,Stay in one place,Creative Thinking,Numeracy,Leadership,Problem Solving,Creative Thinking,HUMSS
Male,Flexible,Work from anywhere,Team Work,Time Management,Flexibility,Negotiating,Problem Solving,HUMSS
Female,Suburban Area,Flexibility,Numeracy,Negotiating,Commercial Awareness,Creative Thinking,Team Work,STEM
Male,Abroad,Flexibility,Flexibility,Commercial Awareness,Time Management,Written Communication,Commercial Awareness,TVL
Male,Abroad,Move Often,Negotiating,Negotiating,Analytical Ability,Analytical Ability,Time Management,ABM
Female,Rural Area,Work from anywhere,Leadership,Verbal Communication,Verbal Communication,Analytical Ability,Written Communication,HUMSS
Female,City,Stay in one place,Negotiating,Commercial Awareness,Leadership,Self motivation,Commercial Awareness,ABM
Male,Suburban Area,Work from anywhere,Commercial Awareness,Negotiating,Commercial Awareness,Time Management,Flexibility,HUMSS
Male,City,Flexibility,Verbal Communication,Decision Making,Flexibility,Decision Making,Analytical Ability,GAS
Male,City,Work from anywhere,Written Communication,Self motivation,Decision Making,Team Work,Numeracy,HUMSS
Female,Rural Area,Work from anywhere,Team Work,Time Management,Creative Thinking,Numeracy,Team Work,GAS
Female,Flexible,Work from anywhere,Negotiating,Written Communication,Written Communication,Team Work,Self motivation,STEM
Female,Abroad,Stay in one place,Negotiating,Written Communication,Commercial Awareness,Analytical Ability,Creative Thinking,STEM
Male,Flexible,Flexibility,Problem Solving,Flexibility,Negotiating,Commercial Awareness,Self motivation,TVL
Female,Rural Area,Move Often,Commercial Awareness,Verbal Communication,Verbal Communication,Commercial Awareness,Leadership,TVL
Male,City,Work from anywhere,Self motivation,Time Management,Decision Making,Analytical Ability,Verbal Communication,STEM
Female,Suburban Area,Work from anywhere,Leadership,Time Management,Analytical Ability,Flexibility,Flexibility,STEM
Female,City,Work from anywhere,Decision Making,Creative Thinking,Written Communication,Flexibility,Written Communication,GAS
Male,Rural Area,Stay in one place,Numeracy,Creative Thinking,Analytical Ability,Time Management,Leadership,STEM
Female,Flexible,Flexibility,Verbal Communication,Commercial Awareness,Negotiating,Written Communication,Team Work,ABM
Male,Suburban Area,Flexibility,Decision Making,Time Management,Flexibility,Verbal Communication,Creative Thinking,GAS
Male,Flexible,Move Often,Problem Solving,Written Communication,Decision Making,Creative Thinking,Numeracy,TVL
Male,Rural Area,Work from anywhere,Time Management,Written Communication,Self motivation,Leadership,Commercial Awareness,STEM
Male,Flexible,Flexibility,Commercial Awareness,Leadership,Flexibility,Time Management,Decision Making,STEM
Male,Abroad,Stay in one place,Commercial Awareness,Time Management,Problem Solving,Numeracy,Creative Thinking,ABM
Female,Rural Area,Stay in one place,Problem Solving,Decision Making,Verbal Communication,Team Work,Numeracy,ABM
Male,Flexible,Flexibility,Team Work,Self motivation,Written Communication,Analytical Ability,Written Communication,HUMSS
Male,Flexible,Flexibility,Team Work,Flexibility,Problem Solving,Written Communication,Creative Thinking,STEM
Male,Suburban Area,Flexibility,Self motivation,Decision Making,Leadership,Problem Solving,Problem Solving,ABM
Female,Abroad,Work from anywhere,Negotiating,Problem Solving,Decision Making,Time Management,Self motivation,HUMSS
Female,Suburban Area,Stay in one place,Self motivation,Leadership,Verbal Communication,Leadership,Problem Solving,HUMSS
Male,Rural Area,Stay in one place,Problem Solving,Numeracy,Problem Solving,Commercial Awareness,Problem Solving,STEM
Female,Abroad,Move Often,Time Management,Written Communication,Team Work,Flexibility,Flexibility,ABM
Female,Abroad,Flexibility,Self motivation,Verbal Communication,Decision Making,Decision Making,Self motivation,HUMSS
Male,Suburban Area,Flexibility,Time Management,Decision Making,Written Communication,Verbal Communication,Commercial Awareness,TVL
Female,Flexible,Stay in one place,Time Management,Problem Solving,Negotiating,Problem Solving,Leadership,HUMSS
Female,Abroad,Work from anywhere,Numeracy,Self motivation,Numeracy,Verbal Communication,Flexibility,ABM
Female,City,Move Often,Written Communication,Time Management,Time Management,Problem Solving,Time Management,TVL
Male,City,Flexibility,Negotiating,Time Management,Leadership,Creative Thinking,Decision Making,HUMSS
Male,Abroad,Flexibility,Negotiating,Analytical Ability,Written Communication,Problem Solving,Flexibility,TVL
Male,Rural Area,Stay in one place,Written Communication,Self motivation,Analytical Ability,Analytical Ability,Verbal Communication,GAS
Male,Rural Area,Move Often,Problem Solving,Problem Solving,Decision Making,Decision Making,Self motivation,TVL
Male,Abroad,Flexibility,Verbal Communication,Negotiating,Written Communication,Decision Making,Decision Making,STEM
Male,Suburban Area,Work from anywhere,Leadership,Numeracy,Analytical Ability,Flexibility,Decision Making,STEM
Male,Abroad,Work from anywhere,Negotiating,Leadership,Written Communication,Written Communication,Negotiating,HUMSS
Female,Rural Area,Flexibility,Negotiating,Flexibility,Flexibility,Negotiating,Self motivation,STEM
Male,Rural Area,Flexibility,Numeracy,Numeracy,Problem Solving,Flexibility,Negotiating,STEM
Male,Suburban Area,Flexibility,Analytical Ability,Written Communication,Written Communication,Decision Making,Verbal Communication,ABM
Female,Suburban Area,Flexibility,Numeracy,Commercial Awareness,Commercial Awareness,Negotiating,Problem Solving,ABM
Male,Suburban Area,Work from anywhere,Verbal Communication,Decision Making,Self motivation,Decision Making,Commercial Awareness,ABM
Female,Rural Area,Flexibility,Commercial Awareness,Negotiating,Numeracy,Analytical Ability,Self motivation,GAS
Female,Abroad,Flexibility,Flexibility,Flexibility,Numeracy,Time Management,Written Communication,TVL
Male,Suburban Area,Flexibility,Problem Solving,Self motivation,Decision Making,Flexibility,Numeracy,GAS
Male,Abroad,Work from anywhere,Team Work,Negotiating,Analytical Ability,Numeracy,Flexibility,TVL
Male,Suburban Area,Stay in one place,Commercial Awareness,Problem Solving,Written Communication,Team Work,Time Management,GAS
Male,Abroad,Flexibility,Problem Solving,Problem Solving,Verbal Communication,Leadership,Leadership,GAS
Male,Rural Area,Flexibility,Problem Solving,Creative Thinking,Written Communication,Self motivation,Verbal Communication,HUMSS
Female,Suburban Area,Work from anywhere,Verbal Communication,Numeracy,Leadership,Self motivation,Commercial Awareness,ABM
Male,City,Flexibility,Team Work,Commercial Awareness,Creative Thinking,Self motivation,Decision Making,GAS
Male,City,Flexibility,Self motivation,Problem Solving,Analytical Ability,Flexibility,Analytical Ability,HUMSS
Male,City,Work from anywhere,Written Communication,Commercial Awareness,Time Management,Written Communication,Time Management,TVL
Female,Suburban Area,Stay in one place,Analytical Ability,Decision Making,Problem Solving,Problem Solving,Self motivation,HUMSS
Female,Flexible,Stay in one place,Numeracy,Self motivation,Creative Thinking,Self motivation,Flexibility,TVL
Female,City,Work from anywhere,Negotiating,Time Management,Self motivation,Team Work,Negotiating,ABM
Male,Rural Area,Stay in one place,Creative Thinking,Flexibility,Leadership,Decision Making,Decision Making,TVL
Female,City,Flexibility,Verbal Communication,Time Management,Written Communication,Problem Solving,Commercial Awareness,STEM
Male,Suburban Area,Flexibility,Commercial Awareness,Time Management,Flexibility,Negotiating,Commercial Awareness,GAS
Male,Abroad,Work from anywhere,Commercial Awareness,Time Management,Commercial Awareness,Flexibility,Leadership,ABM
Male,Abroad,Flexibility,Problem Solving,Flexibility,Negotiating,Verbal Communication,Decision Making,STEM
Male,Abroad,Move Often,Time Management,Self motivation,Verbal Communication,Verbal Communication,Commercial Awareness,GAS
Female,Suburban Area,Stay in one place,Flexibility,Team Work,Commercial Awareness,Verbal Communication,Verbal Communication,STEM
Female,Rural Area,Move Often,Self motivation,Leadership,Negotiating,Flexibility,Verbal Communication,ABM
Female,Flexible,Work from anywhere,Analytical Ability,Verbal Communication,Problem Solving,Team Work,Analytical Ability,TVL
Female,Flexible,Stay in one place,Commercial Awareness,Negotiating,Decision Making,Numeracy,Self motivation,TVL
Male,Flexible,Flexibility,Self motivation,Analytical Ability,Decision Making,Analytical Ability,Numeracy,GAS
Female,Abroad,Move Often,Leadership,Flexibility,Verbal Communication,Time Management,Creative Thinking,GAS
Female,Flexible,Move Often,Analytical Ability,Numeracy,Verbal Communication,Analytical Ability,Decision Making,TVL
Female,Suburban Area,Work from anywhere,Numeracy,Creative Thinking,Problem Solving,Problem Solving,Flexibility,STEM
Male,City,Move Often,Written Communication,Leadership,Time Management,Written Communication,Negotiating,ABM
Female,Suburban Area,Move Often,Commercial Awareness,Team Work,Leadership,Commercial Awareness,Decision Making,TVL
Male,Suburban Area,Work from anywhere,Flexibility,Written Communication,Commercial Awareness,Verbal Communication,Problem Solving,STEM
Female,Abroad,Move Often,Creative Thinking,Analytical Ability,Self motivation,Team Work,Flexibility,TVL
Male,Rural Area,Flexibility,Self motivation,Numeracy,Negotiating,Negotiating,Numeracy,HUMSS
Male,Rural Area,Stay in one place,Problem Solving,Written Communication,Analytical Ability,Commercial Awareness,Decision Making,HUMSS
Male,City,Work from anywhere,Self motivation,Verbal Communication,Commercial Awareness,Team Work,Verbal Communication,HUMSS
Male,Flexible,Move Often,Written Communication,Written Communication,Creative Thinking,Negotiating,Commercial Awareness,ABM
Male,Rural Area,Move Often,Decision Making,Team Work,Self motivation,Verbal Communication,Written Communication,HUMSS
Female,Rural Area,Work from anywhere,Self motivation,Written Communication,Leadership,Problem Solving,Numeracy,ABM
Female,Suburban Area,Flexibility,Leadership,Team Work,Flexibility,Written Communication,Leadership,STEM
Male,Rural Area,Flexibility,Leadership,Flexibility,Problem Solving,Written Communication,Negotiating,GAS
Male,Flexible,Stay in one place,Negotiating,Leadership,Written Communication,Written Communication,Decision Making,TVL
Female,Suburban Area,Work from anywhere,Time Management,Problem Solving,Analytical Ability,Self motivation,Analytical Ability,GAS
Male,Rural Area,Flexibility,Decision Making,Problem Solving,Analytical Ability,Written Communication,Team Work,STEM
Female,Abroad,Work from anywhere,Analytical Ability,Leadership,Problem Solving,Creative Thinking,Decision Making,TVL
Female,Abroad,Work from anywhere,Numeracy,Negotiating,Time Management,Problem Solving,Problem Solving,STEM
Male,Flexible,Stay in one place,Problem Solving,Team Work,Leadership,Time Management,Negotiating,ABM
Female,Rural Area,Flexibility,Self motivation,Flexibility,Verbal Communication,Team Work,Negotiating,TVL
Male,Rural Area,Stay in one place,Decision Making,Time Management,Creative Thinking,Written Communication,Creative Thinking,ABM
Male,City,Flexibility,Team Work,Leadership,Verbal Communication,Commercial Awareness,Problem Solving,HUMSS
Male,Abroad,Work from anywhere,Analytical Ability,Self motivation,Written Communication,Creative Thinking,Problem Solving,HUMSS
Female,Abroad,Work from anywhere,Verbal Communication,Problem Solving,Creative Thinking,Analytical Ability,Verbal Communication,ABM
Female,Flexible,Work from anywhere,Written Communication,Team Work,Self motivation,Verbal Communication,Commercial Awareness,STEM
Female,Rural Area,Flexibility,Verbal Communication,Decision Making,Analytical Ability,Verbal Communication,Verbal Communication,HUMSS
Female,Suburban Area,Work from anywhere,Numeracy,Decision Making,Written Communication,Team Work,Self motivation,TVL
Female,City,Move Often,Decision Making,Verbal Communication,Written Communication,Team Work,Decision Making,STEM
Male,City,Flexibility,Team Work,Flexibility,Analytical Ability,Flexibility,Verbal Communication,GAS
Male,Flexible,Stay in one place,Verbal Communication,Numeracy,Negotiating,Problem Solving,Time Management,STEM
Male,Suburban Area,Stay in one place,Team Work,Written Communication,Commercial Awareness,Written Communication,Time Management,ABM
Male,Abroad,Flexibility,Written Communication,Problem Solving,Creative Thinking,Written Communication,Self motivation,STEM
Male,Suburban Area,Work from anywhere,Verbal Communication,Creative Thinking,Self motivation,Numeracy,Self motivation,STEM
Female,Suburban Area,Flexibility,Commercial Awareness,Flexibility,Flexibility,Decision Making,Commercial Awareness,TVL
Female,Suburban Area,Stay in one place,Flexibility,Commercial Awareness,Leadership,Flexibility,Analytical Ability,TVL
Female,Rural Area,Move Often,Commercial Awareness,Creative Thinking,Problem Solving,Analytical Ability,Creative Thinking,STEM
Female,City,Work from anywhere,Decision Making,Creative Thinking,Numeracy,Verbal Communication,Time Management,GAS
Female,Rural Area,Work from anywhere,Problem Solving,Self motivation,Creative Thinking,Decision Making,Self motivation,GAS
Male,Suburban Area,Move Often,Decision Making,Analytical Ability,Negotiating,Numeracy,Team Work,HUMSS
Male,Abroad,Stay in one place,Decision Making,Negotiating,Written Communication,Negotiating,Team Work,TVL
Male,Flexible,Stay in one place,Creative Thinking,Team Work,Flexibility,Creative Thinking,Decision Making,HUMSS
Female,Flexible,Work from anywhere,Flexibility,Numeracy,Written Communication,Flexibility,Leadership,GAS
Female,Abroad,Flexibility,Numeracy,Time Management,Verbal Communication,Time Management,Time Management,STEM
Female,Suburban Area,Stay in one place,Leadership,Verbal Communication,Team Work,Team Work,Self motivation,GAS
Male,Flexible,Flexibility,Problem Solving,Decision Making,Creative Thinking,Flexibility,Negotiating,TVL
Female,Abroad,Move Often,Time Management,Decision Making,Verbal Communication,Verbal Communication,Creative Thinking,ABM
Male,Abroad,Stay in one place,Commercial Awareness,Decision Making,Written Communication,Team Work,Self motivation,TVL
Male,Abroad,Stay in one place,Problem Solving,Creative Thinking,Decision Making,Numeracy,Leadership,HUMSS
Female,Suburban Area,Stay in one place,Written Communication,Commercial Awareness,Verbal Communication,Written Communication,Verbal Communication,TVL
Male,Flexible,Flexibility,Self motivation,Flexibility,Flexibility,Commercial Awareness,Numeracy,TVL
Female,Abroad,Move Often,Problem Solving,Self motivation,Numeracy,Decision Making,Flexibility,TVL
Male,Abroad,Move Often,Team Work,Creative Thinking,Verbal Communication,Time Management,Commercial Awareness,GAS
Male,City,Flexibility,Self motivation,Creative Thinking,Time Management,Written Communication,Self motivation,ABM
Female,City,Stay in one place,Leadership,Decision Making,Verbal Communication,Self motivation,Time Management,GAS
Female,Flexible,Stay in one place,Numeracy,Numeracy,Creative Thinking,Leadership,Creative Thinking,TVL
Female,Abroad,Work from anywhere,Decision Making,Time Management,Written Communication,Leadership,Team Work,STEM
Female,Flexible,Move Often,Numeracy,Problem Solving,Written Communication,Leadership,Written Communication,GAS
Female,Rural Area,Flexibility,Negotiating,Creative Thinking,Problem Solving,Written Communication,Team Work,STEM
Male,City,Work from anywhere,Flexibility,Leadership,Time Management,Problem Solving,Leadership,ABM
Male,City,Work from anywhere,Leadership,Time Management,Self motivation,Written Communication,Time Management,HUMSS
Female,Rural Area,Flexibility,Problem Solving,Verbal Communication,Negotiating,Numeracy,Commercial Awareness,TVL
Female,Abroad,Work from anywhere,Problem Solving,Team Work,Creative Thinking,Time Management,Self motivation,STEM
Male,Abroad,Work from anywhere,Analytical Ability,Flexibility,Decision Making,Decision Making,Time Management,TVL
Female,Suburban Area,Flexibility,Numeracy,Verbal Communication,Verbal Communication,Written Communication,Problem Solving,ABM
Female,Rural Area,Move Often,Self motivation,Self motivation,Team Work,Creative Thinking,Team Work,STEM
Female,City,Work from anywhere,Problem Solving,Commercial Awareness,Leadership,Verbal Communication,Analytical Ability,ABM
Male,Suburban Area,Move Often,Verbal Communication,Time Management,Decision Making,Verbal Communication,Numeracy,STEM
Male,Rural Area,Work from anywhere,Verbal Communication,Written Communication,Verbal Communication,Leadership,Leadership,GAS
Female,Abroad,Flexibility,Negotiating,Negotiating,Flexibility,Flexibility,Problem Solving,ABM
Female,Rural Area,Flexibility,Commercial Awareness,Negotiating,Numeracy,Decision Making,Analytical Ability,GAS
Female,City,Work from anywhere,Commercial Awareness,Negotiating,Creative Thinking,Time Management,Verbal Communication,ABM
Male,Abroad,Work from anywhere,Time Management,Decision Making,Analytical Ability,Analytical Ability,Numeracy,STEM
Female,Abroad,Move Often,Team Work,Leadership,Flexibility,Analytical Ability,Negotiating,HUMSS
Male,City,Stay in one place,Leadership,Time Management,Analytical Ability,Numeracy,Creative Thinking,TVL
Female,Suburban Area,Move Often,Written Communication,Negotiating,Problem Solving,Flexibility,Written Communication,STEM
Male,Suburban Area,Work from anywhere,Written Communication,Leadership,Creative Thinking,Problem Solving,Written Communication,STEM
Male,Abroad,Move Often,Verbal Communication,Verbal Communication,Flexibility,Creative Thinking,Written Communication,STEM
Female,Rural Area,Work from anywhere,Leadership,Leadership,Numeracy,Creative Thinking,Self motivation,GAS
Female,Rural Area,Stay in one place,Problem Solving,Analytical Ability,Commercial Awareness,Leadership,Negotiating,STEM
Female,Suburban Area,Stay in one place,Numeracy,Time Management,Creative Thinking,Verbal Communication,Written Communication,HUMSS
Male,Suburban Area,Move Often,Negotiating,Problem Solving,Team Work,Analytical Ability,Team Work,GAS
Male,Abroad,Work from anywhere,Analytical Ability,Self motivation,Time Management,Decision Making,Written Communication,ABM
Male,Abroad,Stay in one place,Numeracy,Leadership,Analytical Ability,Analytical Ability,Negotiating,GAS
Female,Flexible,Move Often,Negotiating,Flexibility,Time Management,Leadership,Analytical Ability,HUMSS
Female,Rural Area,Flexibility,Time Management,Numeracy,Problem Solving,Time Management,Time Management,ABM
Female,Rural Area,Flexibility,Verbal Communication,Leadership,Numeracy,Negotiating,Self motivation,TVL
Female,Abroad,Move Often,Written Communication,Verbal Communication,Numeracy,Creative Thinking,Creative Thinking,HUMSS
Female,Flexible,Flexibility,Flexibility,Self motivation,Written Communication,Leadership,Creative Thinking,TVL
Female,Suburban Area,Flexibility,Leadership,Commercial Awareness,Numeracy,Creative Thinking,Leadership,TVL
Male,Suburban Area,Move Often,Negotiating,Numeracy,Problem Solving,Decision Making,Verbal Communication,ABM
Female,Abroad,Work from anywhere,Negotiating,Written Communication,Analytical Ability,Commercial Awareness,Self motivation,ABM
Male,Suburban Area,Flexibility,Time Management,Time Management,Leadership,Team Work,Commercial Awareness,STEM
Female,Abroad,Work from anywhere,Negotiating,Verbal Communication,Numeracy,Creative Thinking,Numeracy,GAS
Female,Rural Area,Flexibility,Commercial Awareness,Numeracy,Verbal Communication,Flexibility,Leadership,HUMSS
Male,Rural Area,Flexibility,Verbal Communication,Flexibility,Time Management,Creative Thinking,Commercial Awareness,TVL
Male,Rural Area,Flexibility,Creative Thinking,Numeracy,Team Work,Verbal Communication,Negotiating,TVL
Female,Abroad,Work from anywhere,Analytical Ability,Problem Solving,Leadership,Leadership,Commercial Awareness,ABM
Female,Abroad,Flexibility,Verbal Communication,Numeracy,Written Communication,Self motivation,Decision Making,TVL
Male,Flexible,Move Often,Negotiating,Verbal Communication,Time Management,Analytical Ability,Decision Making,ABM
Male,Flexible,Move Often,Analytical Ability,Problem Solving,Leadership,Creative Thinking,Numeracy,GAS
Female,Rural Area,Flexibility,Flexibility,Self motivation,Flexibility,Verbal Communication,Numeracy,STEM
Male,Suburban Area,Work from anywhere,Self motivation,Numeracy,Verbal Communication,Time Management,Verbal Communication,STEM
Male,City,Stay in one place,Self motivation,Negotiating,Team Work,Leadership,Self motivation,TVL
Female,Flexible,Move Often,Numeracy,Decision Making,Verbal Communication,Commercial Awareness,Written Communication,TVL
Female,Abroad,Flexibility,Analytical Ability,Written Communication,Leadership,Verbal Communication,Creative Thinking,TVL
Female,Suburban Area,Work from anywhere,Verbal Communication,Numeracy,Problem Solving,Flexibility,Commercial Awareness,ABM
Female,Flexible,Flexibility,Negotiating,Written Communication,Verbal Communication,Written Communication,Decision Making,HUMSS
Male,Suburban Area,Work from anywhere,Numeracy,Self motivation,Team Work,Creative Thinking,Written Communication,STEM
Male,Flexible,Move Often,Flexibility,Analytical Ability,Commercial Awareness,Commercial Awareness,Creative Thinking,HUMSS
Female,Suburban Area,Work from anywhere,Problem Solving,Self motivation,Negotiating,Self motivation,Creative Thinking,STEM
Male,City,Work from anywhere,Written Communication,Written Communication,Decision Making,Problem Solving,Time Management,GAS
Female,Flexible,Work from anywhere,Analytical Ability,Time Management,Negotiating,Creative Thinking,Self motivation,STEM
Female,Suburban Area,Work from anywhere,Analytical Ability,Creative Thinking,Decision Making,Verbal Communication,Numeracy,ABM
Female,Flexible,Move Often,Decision Making,Flexibility,Leadership,Negotiating,Problem Solving,GAS
Male,Abroad,Work from anywhere,Leadership,Self motivation,Flexibility,Analytical Ability,Team Work,STEM
Male,Suburban Area,Flexibility,Numeracy,Time Management,Team Work,Flexibility,Negotiating,HUMSS
Male,Abroad,Work from anywhere,Negotiating,Negotiating,Team Work,Verbal Communication,Commercial Awareness,TVL
Male,Suburban Area,Stay in one place,Commercial Awareness,Flexibility,Problem Solving,Negotiating,Negotiating,HUMSS
Female,Rural Area,Flexibility,Leadership,Problem Solving,Self motivation,Commercial Awareness,Team Work,HUMSS
Female,Flexible,Move Often,Analytical Ability,Verbal Communication,Analytical Ability,Team Work,Verbal Communication,HUMSS
Male,Flexible,Stay in one place,Flexibility,Self motivation,Analytical Ability,Negotiating,Written Communication,ABM
Male,Flexible,Flexibility,Written Communication,Numeracy,Creative Thinking,Decision Making,Team Work,STEM
Female,Abroad,Flexibility,Verbal Communication,Problem Solving,Numeracy,Creative Thinking,Numeracy,GAS
Female,Flexible,Flexibility,Team Work,Self motivation,Decision Making,Negotiating,Time Management,ABM
Female,Flexible,Move Often,Negotiating,Analytical Ability,Numeracy,Team Work,Creative Thinking,STEM
Male,Suburban Area,Work from anywhere,Team Work,Self motivation,Leadership,Negotiating,Self motivation,TVL
Male,Suburban Area,Work from anywhere,Negotiating,Verbal Communication,Analytical Ability,Self motivation,Team Work,STEM
Female,City,Move Often,Numeracy,Verbal Communication,Numeracy,Self motivation,Decision Making,ABM
Male,Flexible,Stay in one place,Decision Making,Leadership,Commercial Awareness,Written Communication,Self motivation,TVL
Male,Suburban Area,Work from anywhere,Negotiating,Problem Solving,Numeracy,Commercial Awareness,Commercial Awareness,STEM
Female,Rural Area,Flexibility,Creative Thinking,Flexibility,Leadership,Creative Thinking,Numeracy,HUMSS
Male,Flexible,Flexibility,Verbal Communication,Decision Making,Commercial Awareness,Commercial Awareness,Flexibility,TVL
Male,City,Flexibility,Self motivation,Self motivation,Problem Solving,Leadership,Analytical Ability,TVL
Male,Flexible,Stay in one place,Written Communication,Flexibility,Creative Thinking,Commercial Awareness,Creative Thinking,ABM
Female,Flexible,Move Often,Negotiating,Negotiating,Leadership,Flexibility,Written Communication,GAS
Male,Rural Area,Work from anywhere,Time Management,Commercial Awareness,Negotiating,Creative Thinking,Written Communication,STEM
Female,City,Move Often,Analytical Ability,Decision Making,Self motivation,Flexibility,Analytical Ability,TVL
Female,City,Move Often,Commercial Awareness,Creative Thinking,Team Work,Negotiating,Decision Making,GAS
Male,Rural Area,Move Often,Flexibility,Written Communication,Decision Making,Analytical Ability,Problem Solving,ABM
Male,Suburban Area,Move Often,Team Work,Self motivation,Verbal Communication,Team Work,Commercial Awareness,TVL
Male,Suburban Area,Flexibility,Creative Thinking,Problem Solving,Commercial Awareness,Verbal Communication,Time Management,ABM
Female,Rural Area,Work from anywhere,Written Communication,Team Work,Team Work,Written Communication,Problem Solving,ABM
Male,Rural Area,Work from anywhere,Decision Making,Self motivation,Numeracy,Written Communication,Leadership,HUMSS
Female,Abroad,Flexibility,Written Communication,Team Work,Negotiating,Analytical Ability,Commercial Awareness,HUMSS
Male,Suburban Area,Flexibility,Numeracy,Analytical Ability,Numeracy,Verbal Communication,Verbal Communication,STEM
Male,City,Flexibility,Written Communication,Written Communication,Decision Making,Negotiating,Self motivation,TVL
Female,City,Flexibility,Problem Solving,Team Work,Commercial Awareness,Flexibility,Time Management,HUMSS
Female,City,Move Often,Team Work,Commercial Awareness,Negotiating,Negotiating,Flexibility,ABM
Female,City,Move Often,Team Work,Problem Solving,Creative Thinking,Analytical Ability,Leadership,ABM
Male,Suburban Area,Move Often,Verbal Communication,Team Work,Analytical Ability,Numeracy,Written Communication,GAS
Female,City,Flexibility,Self motivation,Creative Thinking,Team Work,Self motivation,Time Management,ABM
Male,City,Work from anywhere,Self motivation,Negotiating,Team Work,Leadership,Flexibility,ABM
Male,Abroad,Flexibility,Team Work,Leadership,Team Work,Time Management,Flexibility,STEM
Female,City,Flexibility,Problem Solving,Time Management,Decision Making,Analytical Ability,Verbal Communication,STEM
Male,Suburban Area,Flexibility,Numeracy,Analytical Ability,Decision Making,Self motivation,Problem Solving,HUMSS
Female,City,Stay in one place,Negotiating,Numeracy,Self motivation,Self motivation,Creative Thinking,TVL
Male,Abroad,Move Often,Commercial Awareness,Self motivation,Problem Solving,Time Management,Leadership,STEM
Female,Flexible,Flexibility,Analytical Ability,Time Management,Negotiating,Analytical Ability,Flexibility,TVL
Male,Suburban Area,Stay in one place,Numeracy,Leadership,Negotiating,Leadership,Decision Making,HUMSS
Male,Rural Area,Flexibility,Decision Making,Decision Making,Problem Solving,Decision Making,Leadership,ABM
Female,Flexible,Move Often,Problem Solving,Verbal Communication,Flexibility,Decision Making,Negotiating,ABM
Male,City,Work from anywhere,Verbal Communication,Written Communication,Team Work,Problem Solving,Problem Solving,GAS
Male,City,Stay in one place,Creative Thinking,Numeracy,Time Management,Commercial Awareness,Numeracy,ABM
Male,City,Work from anywhere,Creative Thinking,Decision Making,Flexibility,Analytical Ability,Flexibility,TVL
Female,Suburban Area,Stay in one place,Verbal Communication,Numeracy,Creative Thinking,Verbal Communication,Self motivation,HUMSS
Male,Abroad,Move Often,Self motivation,Leadership,Time Management,Numeracy,Creative Thinking,ABM
Female,Suburban Area,Move Often,Written Communication,Team Work,Flexibility,Problem Solving,Verbal Communication,HUMSS
Female,City,Stay in one place,Analytical Ability,Verbal Communication,Commercial Awareness,Problem Solving,Negotiating,STEM
Female,Abroad,Flexibility,Negotiating,Decision Making,Creative Thinking,Self motivation,Problem Solving,GAS
Female,Flexible,Flexibility,Problem Solving,Time Management,Time Management,Verbal Communication,Team Work,ABM
Female,Flexible,Move Often,Self motivation,Creative Thinking,Analytical Ability,Self motivation,Leadership,STEM
Male,Suburban Area,Work from anywhere,Verbal Communication,Flexibility,Verbal Communication,Time Management,Written Communication,ABM
Male,Abroad,Stay in one place,Verbal Communication,Leadership,Negotiating,Problem Solving,Written Communication,ABM
Female,Flexible,Stay in one place,Self motivation,Analytical Ability,Creative Thinking,Negotiating,Flexibility,ABM
Female,Abroad,Move Often,Negotiating,Flexibility,Flexibility,Commercial Awareness,Commercial Awareness,ABM
Female,Suburban Area,Work from anywhere,Problem Solving,Numeracy,Numeracy,Written Communication,Negotiating,ABM
Male,Suburban Area,Stay in one place,Team Work,Written Communication,Decision Making,Analytical Ability,Time Management,STEM
Female,Flexible,Stay in one place,Written Communication,Leadership,Commercial Awareness,Written Communication,Analytical Ability,GAS
Female,Abroad,Stay in one place,Written Communication,Leadership,Written Communication,Problem Solving,Flexibility,HUMSS
Female,Rural Area,Move Often,Self motivation,Commercial Awareness,Decision Making,Decision Making,Creative Thinking,TVL
Male,Rural Area,Move Often,Analytical Ability,Commercial Awareness,Leadership,Time Management,Self motivation,HUMSS
Female,Flexible,Move Often,Self motivation,Time Management,Problem Solving,Numeracy,Leadership,ABM
Female,City,Stay in one place,Self motivation,Analytical Ability,Commercial Awareness,Analytical Ability,Numeracy,HUMSS
Male,Suburban Area,Move Often,Self motivation,Numeracy,Creative Thinking,Creative Thinking,Analytical Ability,GAS
Male,Rural Area,Move Often,Numeracy,Commercial Awareness,Creative Thinking,Flexibility,Verbal Communication,HUMSS
Female,Suburban Area,Move Often,Commercial Awareness,Flexibility,Verbal Communication,Numeracy,Problem Solving,GAS
Male,Abroad,Move Often,Flexibility,Creative Thinking,Problem Solving,Flexibility,Time Management,ABM
Male,Suburban Area,Stay in one place,Team Work,Time Management,Time Management,Leadership,Self motivation,STEM
Male,Rural Area,Flexibility,Verbal Communication,Negotiating,Verbal Communication,Problem Solving,Written Communication,HUMSS
Male,Abroad,Work from anywhere,Creative Thinking,Written Communication,Numeracy,Decision Making,Decision Making,HUMSS
Female,Suburban Area,Move Often,Numeracy,Numeracy,Team Work,Analytical Ability,Analytical Ability,ABM
Male,Flexible,Move Often,Problem Solving,Decision Making,Leadership,Decision Making,Self motivation,ABM
Male,Rural Area,Flexibility,Verbal Communication,Time Management,Team Work,Decision Making,Written Communication,GAS
Female,City,Move Often,Leadership,Self motivation,Flexibility,Flexibility,Negotiating,GAS
Female,Suburban Area,Move Often,Time Management,Decision Making,Written Communication,Time Management,Analytical Ability,STEM
Female,Flexible,Flexibility,Commercial Awareness,Self motivation,Time Management,Negotiating,Team Work,TVL
Female,Suburban Area,Work from anywhere,Verbal Communication,Decision Making,Commercial Awareness,Decision Making,Negotiating,ABM
Female,Suburban Area,Work from anywhere,Verbal Communication,Problem Solving,Flexibility,Flexibility,Creative Thinking,STEM
Female,Flexible,Flexibility,Verbal Communication,Creative Thinking,Leadership,Analytical Ability,Verbal Communication,STEM
Female,Rural Area,Flexibility,Time Management,Team Work,Written Communication,Verbal Communication,Commercial Awareness,ABM
Male,City,Stay in one place,Commercial Awareness,Creative Thinking,Verbal Communication,Flexibility,Problem Solving,STEM
Male,Rural Area,Move Often,Problem Solving,Creative Thinking,Leadership,Flexibility,Verbal Communication,TVL
Male,Flexible,Move Often,Negotiating,Negotiating,Verbal Communication,Numeracy,Written Communication,TVL
Female,Abroad,Move Often,Problem Solving,Creative Thinking,Decision Making,Verbal Communication,Decision Making,TVL
Female,City,Stay in one place,Written Communication,Numeracy,Problem Solving,Analytical Ability,Verbal Communication,GAS
Male,Abroad,Flexibility,Negotiating,Written Communication,Negotiating,Commercial Awareness,Team Work,GAS
Female,Abroad,Work from anywhere,Flexibility,Written Communication,Written Communication,Commercial Awareness,Verbal Communication,ABM
Male,City,Move Often,Flexibility,Verbal Communication,Team Work,Numeracy,Leadership,STEM
Female,Rural Area,Flexibility,Team Work,Leadership,Numeracy,Commercial Awareness,Decision Making,HUMSS
Male,City,Stay in one place,Decision Making,Leadership,Numeracy,Commercial Awareness,Numeracy,STEM
Male,Flexible,Move Often,Verbal Communication,Analytical Ability,Problem Solving,Flexibility,Numeracy,GAS
Male,City,Move Often,Verbal Communication,Decision Making,Negotiating,Time Management,Leadership,HUMSS
Male,Suburban Area,Work from anywhere,Time Management,Problem Solving,Negotiating,Creative Thinking,Verbal Communication,ABM
Female,Flexible,Move Often,Verbal Communication,Numeracy,Numeracy,Flexibility,Leadership,GAS
Female,Flexible,Move Often,Verbal Communication,Team Work,Written Communication,Negotiating,Time Management,ABM
Male,Flexible,Move Often,Self motivation,Decision Making,Commercial Awareness,Team Work,Commercial Awareness,ABM
Male,Rural Area,Move Often,Creative Thinking,Decision Making,Verbal Communication,Numeracy,Flexibility,STEM
Female,City,Flexibility,Creative Thinking,Verbal Communication,Commercial Awareness,Flexibility,Commercial Awareness,TVL
Female,Rural Area,Stay in one place,Decision Making,Written Communication,Negotiating,Written Communication,Decision Making,GAS
Female,Abroad,Flexibility,Self motivation,Numeracy,Time Management,Leadership,Analytical Ability,HUMSS
Female,Flexible,Move Often,Leadership,Time Management,Decision Making,Numeracy,Leadership,GAS
Male,Flexible,Stay in one place,Commercial Awareness,Time Management,Problem Solving,Verbal Communication,Team Work,GAS
Female,Suburban Area,Stay in one place,Team Work,Negotiating,Leadership,Decision Making,Decision Making,STEM
Female,Rural Area,Work from anywhere,Leadership,Verbal Communication,Analytical Ability,Self motivation,Analytical Ability,ABM
Female,Suburban Area,Flexibility,Problem Solving,Time Management,Verbal Communication,Written Communication,Flexibility,HUMSS
Female,Flexible,Move Often,Creative Thinking,Flexibility,Creative Thinking,Written Communication,Self motivation,GAS
Male,City,Stay in one place,Verbal Communication,Negotiating,Leadership,Written Communication,Problem Solving,HUMSS
Male,Abroad,Flexibility,Commercial Awareness,Team Work,Self motivation,Problem Solving,Negotiating,TVL
Male,Rural Area,Flexibility,Decision Making,Negotiating,Analytical Ability,Written Communication,Self motivation,GAS
Female,Abroad,Stay in one place,Problem Solving,Decision Making,Numeracy,Flexibility,Written Communication,STEM
Female,Flexible,Work from anywhere,Time Management,Flexibility,Decision Making,Written Communication,Negotiating,HUMSS
Male,Suburban Area,Stay in one place,Team Work,Creative Thinking,Numeracy,Flexibility,Negotiating,STEM
Male,City,Move Often,Leadership,Written Communication,Team Work,Analytical Ability,Problem Solving,GAS
Male,Flexible,Stay in one place,Problem Solving,Decision Making,Team Work,Flexibility,Numeracy,GAS
Male,Rural Area,Work from anywhere,Decision Making,Flexibility,Analytical Ability,Analytical Ability,Decision Making,STEM
Male,City,Move Often,Time Management,Written Communication,Problem Solving,Commercial Awareness,Flexibility,HUMSS
Female,Suburban Area,Move Often,Self motivation,Leadership,Creative Thinking,Commercial Awareness,Analytical Ability,GAS
Male,Flexible,Flexibility,Flexibility,Creative Thinking,Numeracy,Creative Thinking,Numeracy,STEM
Female,Suburban Area,Stay in one place,Analytical Ability,Problem Solving,Team Work,Analytical Ability,Flexibility,GAS
Female,Abroad,Move Often,Self motivation,Leadership,Time Management,Team Work,Self motivation,STEM
Female,Rural Area,Flexibility,Flexibility,Negotiating,Problem Solving,Self motivation,Numeracy,STEM
Male,Flexible,Flexibility,Team Work,Verbal Communication,Problem Solving,Time Management,Verbal Communication,STEM
Male,Flexible,Flexibility,Written Communication,Time Management,Commercial Awareness,Self motivation,Numeracy,GAS
Male,Abroad,Work from anywhere,Leadership,Creative Thinking,Flexibility,Written Communication,Leadership,GAS
Female,Suburban Area,Work from anywhere,Analytical Ability,Decision Making,Time Management,Flexibility,Analytical Ability,HUMSS
Male,Abroad,Move Often,Flexibility,Commercial Awareness,Creative Thinking,Negotiating,Team Work,STEM
Female,Abroad,Flexibility,Negotiating,Verbal Communication,Commercial Awareness,Self motivation,Leadership,ABM
Male,Rural Area,Stay in one place,Numeracy,Numeracy,Written Communication,Creative Thinking,Team Work,STEM
Female,Flexible,Flexibility,Flexibility,Verbal Communication,Leadership,Self motivation,Flexibility,STEM
Female,Abroad,Work from anywhere,Flexibility,Analytical Ability,Numeracy,Negotiating,Negotiating,STEM
Male,City,Move Often,Analytical Ability,Decision Making,Flexibility,Numeracy,Written Communication,GAS
Male,Rural Area,Move Often,Decision Making,Creative Thinking,Analytical Ability,Written Communication,Written Communication,TVL
Female,Abroad,Move Often,Self motivation,Written Communication,Leadership,Analytical Ability,Numeracy,GAS
Female,Rural Area,Work from anywhere,Written Communication,Team Work,Written Communication,Verbal Communication,Leadership,HUMSS
Female,Flexible,Flexibility,Self motivation,Leadership,Verbal Communication,Commercial Awareness,Numeracy,TVL
Male,Suburban Area,Move Often,Flexibility,Numeracy,Verbal Communication,Analytical Ability,Flexibility,ABM
Male,City,Work from anywhere,Time Management,Time Management,Creative Thinking,Flexibility,Analytical Ability,STEM
Female,Suburban Area,Stay in one place,Time Management,Creative Thinking,Numeracy,Numeracy,Flexibility,TVL
Male,Abroad,Stay in one place,Written Communication,Problem Solving,Analytical Ability,Problem Solving,Numeracy,ABM
Female,Abroad,Move Often,Commercial Awareness,Leadership,Numeracy,Problem Solving,Negotiating,TVL
Male,Flexible,Stay in one place,Self motivation,Self motivation,Written Communication,Commercial Awareness,Numeracy,GAS
Male,City,Work from anywhere,Written Communication,Self motivation,Analytical Ability,Self motivation,Problem Solving,STEM
Male,Abroad,Flexibility,Time Management,Written Communication,Commercial Awareness,Analytical Ability,Creative Thinking,TVL
Female,Flexible,Move Often,Problem Solving,Self motivation,Team Work,Team Work,Negotiating,ABM
Female,City,Move Often,Commercial Awareness,Written Communication,Leadership,Flexibility,Flexibility,ABM
Male,Abroad,Stay in one place,Commercial Awareness,Team Work,Decision Making,Analytical Ability,Creative Thinking,ABM
Female,Abroad,Move Often,Verbal Communication,Creative Thinking,Team Work,Decision Making,Team Work,TVL
Female,City,Work from anywhere,Decision Making,Decision Making,Verbal Communication,Time Management,Self motivation,STEM
Male,Rural Area,Stay in one place,Self motivation,Verbal Communication,Verbal Communication,Leadership,Time Management,TVL
Male,Flexible,Work from anywhere,Negotiating,Self motivation,Analytical Ability,Leadership,Problem Solving,GAS
Female,Abroad,Flexibility,Negotiating,Verbal Communication,Negotiating,Self motivation,Problem Solving,GAS
Female,Flexible,Flexibility,Written Communication,Numeracy,Self motivation,Flexibility,Self motivation,TVL
Female,Flexible,Stay in one place,Analytical Ability,Verbal Communication,Flexibility,Analytical Ability,Flexibility,TVL
Male,Abroad,Flexibility,Time Management,Problem Solving,Flexibility,Numeracy,Analytical Ability,STEM
Male,Rural Area,Move Often,Leadership,Flexibility,Flexibility,Team Work,Analytical Ability,HUMSS
Female,Suburban Area,Work from anywhere,Self motivation,Problem Solving,Commercial Awareness,Self motivation,Time Management,HUMSS
Female,Suburban Area,Work from anywhere,Self motivation,Written Communication,Negotiating,Team Work,Problem Solving,HUMSS
Female,Rural Area,Work from anywhere,Problem Solving,Problem Solving,Negotiating,Flexibility,Creative Thinking,ABM
Female,Suburban Area,Flexibility,Team Work,Leadership,Analytical Ability,Team Work,Self motivation,ABM
Female,Abroad,Work from anywhere,Negotiating,Self motivation,Analytical Ability,Commercial Awareness,Commercial Awareness,TVL
Female,Suburban Area,Work from anywhere,Creative Thinking,Numeracy,Time Management,Verbal Communication,Verbal Communication,STEM
Male,Rural Area,Work from anywhere,Flexibility,Verbal Communication,Self motivation,Time Management,Leadership,GAS
Male,Flexible,Work from anywhere,Decision Making,Numeracy,Negotiating,Numeracy,Flexibility,GAS
Male,Rural Area,Move Often,Problem Solving,Written Communication,Commercial Awareness,Numeracy,Self motivation,GAS
Male,Flexible,Flexibility,Analytical Ability,Written Communication,Self motivation,Numeracy,Analytical Ability,HUMSS
Male,Rural Area,Move Often,Self motivation,Numeracy,Verbal Communication,Self motivation,Leadership,TVL
Female,Rural Area,Flexibility,Problem Solving,Verbal Communication,Commercial Awareness,Negotiating,Analytical Ability,STEM
Female,Suburban Area,Work from anywhere,Numeracy,Analytical Ability,Negotiating,Decision Making,Leadership,HUMSS
Female,Suburban Area,Move Often,Decision Making,Problem Solving,Analytical Ability,Creative Thinking,Time Management,HUMSS
Male,Flexible,Stay in one place,Flexibility,Problem Solving,Numeracy,Leadership,Numeracy,TVL
Female,City,Move Often,Creative Thinking,Decision Making,Time Management,Written Communication,Creative Thinking,TVL
Female,Rural Area,Stay in one place,Commercial Awareness,Decision Making,Verbal Communication,Leadership,Analytical Ability,ABM
Female,Flexible,Flexibility,Decision Making,Commercial Awareness,Creative Thinking,Analytical Ability,Problem Solving,HUMSS
Female,Abroad,Move Often,Decision Making,Written Communication,Problem Solving,Commercial Awareness,Written Communication,GAS
Male,City,Flexibility,Time Management,Leadership,Creative Thinking,Flexibility,Time Management,ABM
Male,Rural Area,Work from anywhere,Analytical Ability,Commercial Awareness,Analytical Ability,Analytical Ability,Analytical Ability,GAS
Male,Flexible,Flexibility,Creative Thinking,Written Communication,Team Work,Flexibility,Commercial Awareness,HUMSS
Male,Abroad,Move Often,Team Work,Creative Thinking,Problem Solving,Flexibility,Negotiating,ABM
Female,Rural Area,Flexibility,Numeracy,Verbal Communication,Analytical Ability,Creative Thinking,Numeracy,STEM
Male,Abroad,Stay in one place,Decision Making,Creative Thinking,Problem Solving,Creative Thinking,Leadership,STEM
Male,Flexible,Stay in one place,Numeracy,Written Communication,Creative Thinking,Time Management,Written Communication,TVL
Male,Rural Area,Move Often,Written Communication,Team Work,Analytical Ability,Flexibility,Negotiating,STEM
Male,Rural Area,Flexibility,Numeracy,Problem Solving,Numeracy,Self motivation,Self motivation,STEM
Male,Suburban Area,Move Often,Leadership,Commercial Awareness,Creative Thinking,Creative Thinking,Decision Making,GAS
Female,Abroad,Stay in one place,Numeracy,Creative Thinking,Creative Thinking,Team Work,Commercial Awareness,STEM
Female,City,Stay in one place,Numeracy,Self motivation,Time Management,Negotiating,Creative Thinking,TVL
Female,City,Move Often,Leadership,Problem Solving,Creative Thinking,Leadership,Creative Thinking,HUMSS
Male,Flexible,Flexibility,Numeracy,Creative Thinking,Problem Solving,Self motivation,Verbal Communication,STEM
Female,Abroad,Flexibility,Creative Thinking,Written Communication,Verbal Communication,Verbal Communication,Analytical Ability,STEM
Female,Flexible,Stay in one place,Written Communication,Analytical Ability,Numeracy,Team Work,Self motivation,GAS
Female,City,Stay in one place,Negotiating,Time Management,Leadership,Problem Solving,Verbal Communication,GAS
Male,Flexible,Flexibility,Verbal Communication,Decision Making,Written Communication,Written Communication,Commercial Awareness,ABM
Female,City,Work from anywhere,Verbal Communication,Team Work,Time Management,Leadership,Leadership,ABM
Female,Abroad,Flexibility,Analytical Ability,Time Management,Negotiating,Written Communication,Problem Solving,HUMSS
Male,Abroad,Work from anywhere,Verbal Communication,Team Work,Flexibility,Written Communication,Verbal Communication,HUMSS
Male,Flexible,Stay in one place,Verbal Communication,Numeracy,Team Work,Negotiating,Decision Making,ABM
Female,Suburban Area,Work from anywhere,Numeracy,Flexibility,Commercial Awareness,Analytical Ability,Creative Thinking,STEM
Female,City,Move Often,Time Management,Numeracy,Self motivation,Problem Solving,Time Management,HUMSS
Male,Suburban Area,Flexibility,Decision Making,Written Communication,Analytical Ability,Problem Solving,Negotiating,STEM
Female,Flexible,Flexibility,Written Communication,Team Work,Commercial Awareness,Decision Making,Negotiating,ABM
Male,Flexible,Flexibility,Written Communication,Leadership,Commercial Awareness,Time Management,Flexibility,HUMSS
Female,City,Stay in one place,Verbal Communication,Numeracy,Leadership,Negotiating,Self motivation,STEM
Female,Abroad,Flexibility,Commercial Awareness,Decision Making,Leadership,Numeracy,Commercial Awareness,GAS
Male,Flexible,Move Often,Decision Making,Team Work,Self motivation,Team Work,Verbal Communication,TVL
Male,Suburban Area,Work from anywhere,Flexibility,Written Communication,Creative Thinking,Negotiating,Commercial Awareness,STEM
Male,Abroad,Move Often,Commercial Awareness,Commercial Awareness,Decision Making,Problem Solving,Commercial Awareness,STEM
Male,Rural Area,Work from anywhere,Creative Thinking,Flexibility,Decision Making,Verbal Communication,Decision Making,STEM
Male,Suburban Area,Work from anywhere,Flexibility,Negotiating,Numeracy,Analytical Ability,Problem Solving,TVL
Female,Flexible,Stay in one place,Analytical Ability,Numeracy,Time Management,Leadership,Decision Making,STEM
Female,City,Work from anywhere,Problem Solving,Problem Solving,Self motivation,Negotiating,Negotiating,TVL
Male,Flexible,Move Often,Numeracy,Negotiating,Time Management,Negotiating,Team Work,TVL
Female,Suburban Area,Flexibility,Team Work,Negotiating,Team Work,Verbal Communication,Verbal Communication,ABM
Female,City,Move Often,Problem Solving,Commercial Awareness,Self motivation,Team Work,Numeracy,ABM
Male,Rural Area,Stay in one place,Time Management,Flexibility,Flexibility,Team Work,Numeracy,HUMSS
Male,Suburban Area,Work from anywhere,Leadership,Analytical Ability,Problem Solving,Self motivation,Flexibility,ABM
Female,Suburban Area,Flexibility,Verbal Communication,Problem Solving,Creative Thinking,Team Work,Team Work,GAS
Female,Suburban Area,Flexibility,Commercial Awareness,Commercial Awareness,Negotiating,Team Work,Decision Making,ABM
Male,Flexible,Work from anywhere,Numeracy,Verbal Communication,Written Communication,Problem Solving,Creative Thinking,ABM
Female,Flexible,Stay in one place,Flexibility,Flexibility,Numeracy,Analytical Ability,Leadership,TVL
Female,Suburban Area,Work from anywhere,Verbal Communication,Problem Solving,Negotiating,Numeracy,Verbal Communication,ABM
Female,Suburban Area,Work from anywhere,Verbal Communication,Problem Solving,Analytical Ability,Flexibility,Decision Making,TVL
Male,Abroad,Stay in one place,Self motivation,Written Communication,Problem Solving,Team Work,Decision Making,HUMSS
Male,Flexible,Move Often,Verbal Communication,Written Communication,Verbal Communication,Written Communication,Problem Solving,ABM
Female,Abroad,Flexibility,Self motivation,Verbal Communication,Time Management,Written Communication,Analytical Ability,TVL
Male,Flexible,Work from anywhere,Decision Making,Numeracy,Creative Thinking,Decision Making,Decision Making,ABM
Female,Rural Area,Stay in one place,Self motivation,Analytical Ability,Written Communication,Team Work,Written Communication,TVL
Female,Flexible,Work from anywhere,Flexibility,Team Work,Written Communication,Decision Making,Creative Thinking,TVL
Male,Flexible,Work from anywhere,Self motivation,Problem Solving,Decision Making,Verbal Communication,Flexibility,STEM
Female,Flexible,Move Often,Self motivation,Analytical Ability,Leadership,Time Management,Time Management,TVL
Male,Rural Area,Stay in one place,Verbal Communication,Self motivation,Flexibility,Numeracy,Flexibility,STEM
Male,Abroad,Work from anywhere,Flexibility,Verbal Communication,Time Management,Commercial Awareness,Analytical Ability,GAS
Male,Rural Area,Stay in one place,Time Management,Problem Solving,Team Work,Decision Making,Problem Solving,ABM
Male,City,Move Often,Decision Making,Creative Thinking,Creative Thinking,Problem Solving,Flexibility,TVL
Female,City,Work from anywhere,Flexibility,Problem Solving,Flexibility,Leadership,Problem Solving,TVL
Female,Flexible,Stay in one place,Written Communication,Time Management,Written Communication,Verbal Communication,Analytical Ability,ABM
Female,Rural Area,Flexibility,Problem Solving,Commercial Awareness,Written Communication,Flexibility,Self motivation,HUMSS
Male,City,Work from anywhere,Creative Thinking,Numeracy,Problem Solving,Commercial Awareness,Creative Thinking,ABM
Male,Suburban Area,Work from anywhere,Problem Solving,Analytical Ability,Numeracy,Creative Thinking,Commercial Awareness,ABM
Female,Suburban Area,Flexibility,Decision Making,Commercial Awareness,Numeracy,Commercial Awareness,Written Communication,ABM
Male,Suburban Area,Stay in one place,Creative Thinking,Decision Making,Written Communication,Problem Solving,Written Communication,ABM
Male,Rural Area,Work from anywhere,Written Communication,Problem Solving,Problem Solving,Analytical Ability,Commercial Awareness,TVL
Female,Abroad,Work from anywhere,Decision Making,Self motivation,Time Management,Problem Solving,Written Communication,TVL
Male,Suburban Area,Flexibility,Commercial Awareness,Decision Making,Decision Making,Problem Solving,Creative Thinking,GAS
Male,Flexible,Flexibility,Creative Thinking,Written Communication,Verbal Communication,Leadership,Negotiating,ABM
Female,Abroad,Move Often,Flexibility,Self motivation,Leadership,Commercial Awareness,Commercial Awareness,STEM
Female,Rural Area,Flexibility,Team Work,Numeracy,Analytical Ability,Self motivation,Numeracy,ABM
Male,Flexible,Flexibility,Flexibility,Analytical Ability,Creative Thinking,Analytical Ability,Problem Solving,HUMSS
Female,Suburban Area,Move Often,Creative Thinking,Time Management,Written Communication,Negotiating,Verbal Communication,GAS
Female,City,Work from anywhere,Team Work,Leadership,Written Communication,Time Management,Team Work,HUMSS
Male,Rural Area,Move Often,Flexibility,Decision Making,Decision Making,Numeracy,Verbal Communication,HUMSS
Female,Flexible,Work from anywhere,Team Work,Problem Solving,Problem Solving,Problem Solving,Analytical Ability,TVL
Female,City,Move Often,Analytical Ability,Team Work,Creative Thinking,Creative Thinking,Self motivation,TVL
Female,Abroad,Flexibility,Decision Making,Verbal Communication,Flexibility,Negotiating,Numeracy,GAS
Female,Rural Area,Work from anywhere,Creative Thinking,Decision Making,Written Communication,Commercial Awareness,Verbal Communication,HUMSS
Male,Suburban Area,Flexibility,Verbal Communication,Self motivation,Time Management,Analytical Ability,Decision Making,GAS
Male,Rural Area,Move Often,Analytical Ability,Time Management,Verbal Communication,Time Management,Leadership,GAS
Male,Abroad,Stay in one place,Leadership,Verbal Communication,Self motivation,Problem Solving,Numeracy,STEM
Female,Abroad,Stay in one place,Leadership,Commercial Awareness,Analytical Ability,Flexibility,Verbal Communication,GAS
Female,Abroad,Flexibility,Self motivation,Creative Thinking,Verbal Communication,Team Work,Leadership,STEM
Female,Suburban Area,Flexibility,Time Management,Analytical Ability,Commercial Awareness,Problem Solving,Team Work,HUMSS
Female,Suburban Area,Work from anywhere,Decision Making,Commercial Awareness,Written Communication,Time Management,Negotiating,TVL
Male,Flexible,Move Often,Analytical Ability,Verbal Communication,Time Management,Time Management,Creative Thinking,GAS
Male,Abroad,Move Often,Verbal Communication,Negotiating,Negotiating,Team Work,Written Communication,ABM
Male,Flexible,Flexibility,Written Communication,Leadership,Time Management,Time Management,Commercial Awareness,GAS
Male,City,Flexibility,Decision Making,Decision Making,Problem Solving,Flexibility,Leadership,HUMSS
Male,Rural Area,Work from anywhere,Verbal Communication,Time Management,Leadership,Analytical Ability,Verbal Communication,STEM
Female,Flexible,Flexibility,Written Communication,Creative Thinking,Analytical Ability,Self motivation,Leadership,GAS
Female,Flexible,Stay in one place,Numeracy,Analytical Ability,Self motivation,Team Work,Commercial Awareness,STEM
Male,Flexible,Move Often,Analytical Ability,Team Work,Negotiating,Analytical Ability,Self motivation,GAS
Male,Abroad,Stay in one place,Verbal Communication,Commercial Awareness,Problem Solving,Flexibility,Flexibility,HUMSS
Female,City,Stay in one place,Flexibility,Team Work,Verbal Communication,Leadership,Flexibility,TVL
Male,Rural Area,Move Often,Negotiating,Analytical Ability,Negotiating,Numeracy,Creative Thinking,STEM
Male,City,Move Often,Leadership,Team Work,Flexibility,Numeracy,Problem Solving,HUMSS
Male,Flexible,Stay in one place,Verbal Communication,Negotiating,Commercial Awareness,Negotiating,Decision Making,GAS
Female,Rural Area,Stay in one place,Negotiating,Analytical Ability,Creative Thinking,Creative Thinking,Creative Thinking,TVL
Female,Flexible,Move Often,Problem Solving,Flexibility,Negotiating,Flexibility,Verbal Communication,ABM
Male,Rural Area,Stay in one place,Verbal Communication,Written Communication,Negotiating,Time Management,Numeracy,STEM
Female,Flexible,Work from anywhere,Leadership,Written Communication,Negotiating,Written Communication,Leadership,STEM
Female,City,Move Often,Problem Solving,Problem Solving,Verbal Communication,Numeracy,Verbal Communication,GAS
Male,Flexible,Flexibility,Time Management,Flexibility,Decision Making,Commercial Awareness,Verbal Communication,TVL
Female,Suburban Area,Flexibility,Problem Solving,Written Communication,Commercial Awareness,Team Work,Commercial Awareness,HUMSS
Female,City,Work from anywhere,Self motivation,Numeracy,Negotiating,Verbal Communication,Numeracy,ABM
Male,Abroad,Stay in one place,Negotiating,Negotiating,Verbal Communication,Verbal Communication,Verbal Communication,TVL
Male,Flexible,Flexibility,Time Management,Creative Thinking,Leadership,Leadership,Negotiating,GAS
Male,Suburban Area,Work from anywhere,Creative Thinking,Numeracy,Numeracy,Decision Making,Negotiating,HUMSS
Male,Abroad,Move Often,Written Communication,Analytical Ability,Negotiating,Verbal Communication,Written Communication,HUMSS
Male,Abroad,Work from anywhere,Commercial Awareness,Numeracy,Time Management,Problem Solving,Negotiating,TVL
Male,City,Work from anywhere,Team Work,Written Communication,Commercial Awareness,Leadership,Leadership,HUMSS
Male,Abroad,Stay in one place,Written Communication,Leadership,Leadership,Numeracy,Negotiating,HUMSS
Male,Flexible,Stay in one place,Negotiating,Decision Making,Commercial Awareness,Negotiating,Written Communication,ABM
Male,City,Move Often,Numeracy,Analytical Ability,Team Work,Time Management,Written Communication,TVL
Female,Rural Area,Work from anywhere,Creative Thinking,Numeracy,Numeracy,Negotiating,Negotiating,HUMSS
Female,City,Work from anywhere,Time Management,Problem Solving,Verbal Communication,Numeracy,Leadership,ABM
Female,Flexible,Work from anywhere,Flexibility,Team Work,Team Work,Numeracy,Negotiating,GAS
Male,Suburban Area,Stay in one place,Flexibility,Written Communication,Problem Solving,Self motivation,Leadership,ABM
Male,City,Flexibility,Written Communication,Problem Solving,Numeracy,Decision Making,Team Work,HUMSS
Female,City,Stay in one place,Commercial Awareness,Team Work,Creative Thinking,Problem Solving,Numeracy,STEM
Male,Rural Area,Work from anywhere,Creative Thinking,Verbal Communication,Self motivation,Negotiating,Leadership,STEM
Female,Abroad,Move Often,Leadership,Decision Making,Decision Making,Decision Making,Creative Thinking,TVL
Female,Abroad,Stay in one place,Problem Solving,Team Work,Commercial Awareness,Flexibility,Analytical Ability,ABM
Male,Suburban Area,Move Often,Creative Thinking,Team Work,Numeracy,Creative Thinking,Decision Making,HUMSS
Male,Rural Area,Stay in one place,Creative Thinking,Team Work,Team Work,Commercial Awareness,Self motivation,ABM
Male,City,Move Often,Decision Making,Written Communication,Analytical Ability,Leadership,Creative Thinking,ABM
Female,City,Move Often,Flexibility,Numeracy,Written Communication,Decision Making,Numeracy,ABM
Female,Abroad,Work from anywhere,Creative Thinking,Numeracy,Written Communication,Team Work,Written Communication,HUMSS
Female,City,Stay in one place,Decision Making,Numeracy,Decision Making,Commercial Awareness,Flexibility,GAS
Male,Flexible,Flexibility,Time Management,Self motivation,Verbal Communication,Numeracy,Creative Thinking,HUMSS
Male,Suburban Area,Work from anywhere,Problem Solving,Self motivation,Negotiating,Creative Thinking,Creative Thinking,ABM
Female,Rural Area,Move Often,Analytical Ability,Team Work,Leadership,Analytical Ability,Negotiating,GAS
Female,Rural Area,Flexibility,Decision Making,Flexibility,Flexibility,Leadership,Self motivation,TVL
Male,City,Work from anywhere,Decision Making,Self motivation,Creative Thinking,Written Communication,Negotiating,TVL
Male,Abroad,Flexibility,Written Communication,Verbal Communication,Negotiating,Numeracy,Commercial Awareness,TVL
Female,City,Stay in one place,Numeracy,Flexibility,Problem Solving,Creative Thinking,Self motivation,GAS
Male,Suburban Area,Work from anywhere,Time Management,Problem Solving,Verbal Communication,Verbal Communication,Team Work,TVL
Male,Flexible,Stay in one place,Time Management,Creative Thinking,Self motivation,Negotiating,Problem Solving,TVL
Male,Abroad,Flexibility,Leadership,Decision Making,Analytical Ability,Decision Making,Decision Making,ABM
Female,Abroad,Work from anywhere,Team Work,Verbal Communication,Problem Solving,Verbal Communication,Problem Solving,ABM
Male,Rural Area,Work from anywhere,Decision Making,Negotiating,Numeracy,Self motivation,Leadership,GAS
Male,Suburban Area,Move Often,Decision Making,Team Work,Verbal Communication,Flexibility,Negotiating,ABM
Male,Rural Area,Stay in one place,Team Work,Written Communication,Flexibility,Self motivation,Time Management,STEM
Male,Rural Area,Work from anywhere,Written Communication,Verbal Communication,Verbal Communication,Numeracy,Leadership,ABM
Female,City,Stay in one place,Commercial Awareness,Flexibility,Team Work,Team Work,Flexibility,STEM
Male,Abroad,Work from anywhere,Numeracy,Flexibility,Problem Solving,Leadership,Creative Thinking,ABM
Female,Flexible,Flexibility,Verbal Communication,Creative Thinking,Written Communication,Analytical Ability,Self motivation,HUMSS
Male,City,Move Often,Flexibility,Creative Thinking,Leadership,Problem Solving,Time Management,ABM
Male,Rural Area,Work from anywhere,Decision Making,Flexibility,Numeracy,Leadership,Self motivation,ABM
Male,Rural Area,Move Often,Self motivation,Creative Thinking,Team Work,Decision Making,Commercial Awareness,ABM
Male,Abroad,Work from anywhere,Decision Making,Decision Making,Written Communication,Decision Making,Written Communication,HUMSS
Female,Rural Area,Flexibility,Numeracy,Numeracy,Time Management,Leadership,Verbal Communication,STEM
Male,City,Move Often,Creative Thinking,Verbal Communication,Verbal Communication,Verbal Communication,Time Management,HUMSS
Female,City,Move Often,Analytical Ability,Verbal Communication,Negotiating,Self motivation,Written Communication,HUMSS
Female,Flexible,Flexibility,Negotiating,Flexibility,Leadership,Analytical Ability,Written Communication,STEM
Male,City,Flexibility,Commercial Awareness,Numeracy,Written Communication,Commercial Awareness,Verbal Communication,HUMSS
Male,Abroad,Flexibility,Time Management,Negotiating,Decision Making,Creative Thinking,Numeracy,TVL
Female,Suburban Area,Work from anywhere,Leadership,Written Communication,Problem Solving,Creative Thinking,Numeracy,TVL
Female,Rural Area,Work from anywhere,Written Communication,Time Management,Time Management,Negotiating,Decision Making,STEM
Female,Flexible,Stay in one place,Decision Making,Creative Thinking,Time Management,Leadership,Decision Making,ABM
Female,Suburban Area,Move Often,Numeracy,Self motivation,Problem Solving,Negotiating,Flexibility,TVL
Female,Suburban Area,Move Often,Negotiating,Leadership,Negotiating,Self motivation,Decision Making,GAS
Male,Suburban Area,Stay in one place,Creative Thinking,Leadership,Decision Making,Self motivation,Commercial Awareness,HUMSS
Female,Suburban Area,Work from anywhere,Numeracy,Team Work,Decision Making,Flexibility,Time Management,STEM
Female,Flexible,Work from anywhere,Decision Making,Written Communication,Team Work,Written Communication,Team Work,GAS
Female,Suburban Area,Flexibility,Leadership,Self motivation,Creative Thinking,Decision Making,Commercial Awareness,ABM
Male,Flexible,Work from anywhere,Verbal Communication,Written Communication,Problem Solving,Self motivation,Written Communication,STEM
Male,City,Flexibility,Negotiating,Decision Making,Team Work,Self motivation,Creative Thinking,ABM
Male,Suburban Area,Stay in one place,Self motivation,Commercial Awareness,Flexibility,Written Communication,Creative Thinking,HUMSS
Male,Suburban Area,Stay in one place,Flexibility,Verbal Communication,Written Communication,Commercial Awareness,Numeracy,TVL
Male,Abroad,Work from anywhere,Leadership,Numeracy,Decision Making,Numeracy,Problem Solving,GAS
Female,Abroad,Flexibility,Decision Making,Analytical Ability,Verbal Communication,Analytical Ability,Team Work,ABM
Male,Flexible,Work from anywhere,Creative Thinking,Creative Thinking,Analytical Ability,Flexibility,Numeracy,GAS
Female,Abroad,Stay in one place,Verbal Communication,Self motivation,Flexibility,Written Communication,Time Management,ABM
Female,Rural Area,Work from anywhere,Verbal Communication,Creative Thinking,Self motivation,Analytical Ability,Negotiating,HUMSS
Female,City,Move Often,Written Communication,Decision Making,Commercial Awareness,Creative Thinking,Verbal Communication,ABM
Female,Abroad,Stay in one place,Problem Solving,Decision Making,Team Work,Analytical Ability,Leadership,HUMSS
Male,Abroad,Move Often,Problem Solving,Creative Thinking,Leadership,Self motivation,Negotiating,ABM
Female,Flexible,Stay in one place,Commercial Awareness,Time Management,Leadership,Written Communication,Team Work,GAS
Female,Rural Area,Work from anywhere,Self motivation,Time Management,Commercial Awareness,Team Work,Creative Thinking,HUMSS
Male,City,Work from anywhere,Decision Making,Decision Making,Written Communication,Leadership,Verbal Communication,TVL
Female,Suburban Area,Flexibility,Decision Making,Decision Making,Numeracy,Team Work,Commercial Awareness,STEM
Female,Rural Area,Flexibility,Creative Thinking,Analytical Ability,Problem Solving,Written Communication,Flexibility,GAS
Female,Rural Area,Move Often,Time Management,Time Management,Team Work,Written Communication,Commercial Awareness,ABM
Male,Rural Area,Work from anywhere,Negotiating,Written Communication,Problem Solving,Self motivation,Decision Making,GAS
Female,Abroad,Move Often,Verbal Communication,Written Communication,Negotiating,Time Management,Decision Making,TVL
Female,City,Work from anywhere,Numeracy,Numeracy,Time Management,Negotiating,Analytical Ability,STEM
Female,Abroad,Work from anywhere,Problem Solving,Problem Solving,Analytical Ability,Problem Solving,Commercial Awareness,TVL
Female,City,Work from anywhere,Leadership,Time Management,Self motivation,Creative Thinking,Creative Thinking,ABM
Female,Suburban Area,Work from anywhere,Analytical Ability,Decision Making,Flexibility,Negotiating,Negotiating,GAS
Female,Abroad,Work from anywhere,Analytical Ability,Flexibility,Decision Making,Time Management,Verbal Communication,STEM
Female,Suburban Area,Work from anywhere,Team Work,Team Work,Time Management,Decision Making,Self motivation,ABM
Male,Rural Area,Move Often,Verbal Communication,Self motivation,Verbal Communication,Problem Solving,Commercial Awareness,STEM
Female,Abroad,Move Often,Negotiating,Flexibility,Verbal Communication,Team Work,Leadership,GAS
Male,Rural Area,Stay in one place,Analytical Ability,Verbal Communication,Negotiating,Flexibility,Analytical Ability,STEM
Female,Suburban Area,Flexibility,Commercial Awareness,Problem Solving,Self motivation,Decision Making,Negotiating,GAS
Female,Rural Area,Stay in one place,Decision Making,Written Communication,Leadership,Commercial Awareness,Problem Solving,GAS
Female,Flexible,Stay in one place,Time Management,Team Work,Problem Solving,Verbal Communication,Commercial Awareness,HUMSS
Female,City,Work from anywhere,Creative Thinking,Flexibility,Self motivation,Analytical Ability,Written Communication,TVL
Male,City,Stay in one place,Decision Making,Team Work,Team Work,Flexibility,Creative Thinking,TVL
Male,Flexible,Flexibility,Numeracy,Leadership,Analytical Ability,Leadership,Flexibility,GAS
Male,Flexible,Work from anywhere,Analytical Ability,Self motivation,Flexibility,Analytical Ability,Numeracy,STEM
Female,Abroad,Flexibility,Negotiating,Time Management,Written Communication,Leadership,Self motivation,ABM
Male,Suburban Area,Stay in one place,Written Communication,Analytical Ability,Leadership,Verbal Communication,Problem Solving,GAS
Male,Rural Area,Flexibility,Problem Solving,Problem Solving,Time Management,Self motivation,Self motivation,STEM
Female,Rural Area,Move Often,Commercial Awareness,Creative Thinking,Decision Making,Analytical Ability,Decision Making,TVL
Female,City,Flexibility,Self motivation,Leadership,Time Management,Decision Making,Decision Making,ABM
Female,Rural Area,Work from anywhere,Analytical Ability,Time Management,Self motivation,Time Management,Time Management,ABM
Female,Abroad,Stay in one place,Problem Solving,Negotiating,Negotiating,Verbal Communication,Decision Making,GAS
Male,City,Flexibility,Team Work,Flexibility,Leadership,Decision Making,Time Management,GAS
Female,Suburban Area,Work from anywhere,Numeracy,Team Work,Analytical Ability,Written Communication,Analytical Ability,STEM
Male,Suburban Area,Stay in one place,Problem Solving,Self motivation,Problem Solving,Team Work,Decision Making,GAS
Male,City,Flexibility,Team Work,Verbal Communication,Self motivation,Negotiating,Numeracy,ABM
Female,Rural Area,Work from anywhere,Leadership,Decision Making,Team Work,Decision Making,Commercial Awareness,ABM
Male,Suburban Area,Flexibility,Creative Thinking,Time Management,Flexibility,Decision Making,Problem Solving,TVL
Female,Abroad,Move Often,Written Communication,Decision Making,Time Management,Verbal Communication,Self motivation,ABM
Male,Flexible,Flexibility,Self motivation,Written Communication,Creative Thinking,Flexibility,Written Communication,TVL
Female,Suburban Area,Flexibility,Problem Solving,Negotiating,Written Communication,Commercial Awareness,Time Management,GAS
Female,City,Work from anywhere,Numeracy,Numeracy,Verbal Communication,Self motivation,Team Work,TVL
Male,Flexible,Move Often,Time Management,Self motivation,Time Management,Team Work,Numeracy,GAS
Female,Rural Area,Flexibility,Flexibility,Commercial Awareness,Verbal Communication,Flexibility,Flexibility,HUMSS
Male,Rural Area,Work from anywhere,Problem Solving,Written Communication,Time Management,Team Work,Numeracy,HUMSS
Male,City,Move Often,Problem Solving,Problem Solving,Self motivation,Problem Solving,Self motivation,HUMSS
Female,Rural Area,Stay in one place,Numeracy,Analytical Ability,Negotiating,Written Communication,Leadership,STEM
Female,Abroad,Work from anywhere,Self motivation,Analytical Ability,Self motivation,Negotiating,Problem Solving,TVL
Female,Flexible,Flexibility,Written Communication,Flexibility,Numeracy,Leadership,Written Communication,TVL
Male,Abroad,Flexibility,Team Work,Leadership,Self motivation,Time Management,Team Work,STEM
Female,Suburban Area,Work from anywhere,Commercial Awareness,Decision Making,Time Management,Written Communication,Numeracy,ABM
Female,City,Stay in one place,Decision Making,Written Communication,Team Work,Creative Thinking,Numeracy,STEM
Male,City,Work from anywhere,Flexibility,Problem Solving,Leadership,Creative Thinking,Time Management,HUMSS
Female,Suburban Area,Stay in one place,Problem Solving,Leadership,Creative Thinking,Time Management,Numeracy,GAS
Female,Flexible,Flexibility,Problem Solving,Negotiating,Written Communication,Self motivation,Analytical Ability,STEM
Female,Abroad,Move Often,Analytical Ability,Leadership,Creative Thinking,Creative Thinking,Time Management,STEM
Female,Flexible,Flexibility,Analytical Ability,Creative Thinking,Time Management,Verbal Communication,Decision Making,ABM
Male,Suburban Area,Move Often,Numeracy,Verbal Communication,Written Communication,Creative Thinking,Problem Solving,HUMSS
Female,City,Work from anywhere,Numeracy,Problem Solving,Self motivation,Decision Making,Leadership,STEM
Female,City,Move Often,Creative Thinking,Negotiating,Time Management,Problem Solving,Self motivation,STEM
Male,Abroad,Move Often,Problem Solving,Leadership,Decision Making,Numeracy,Leadership,HUMSS
Male,Rural Area,Move Often,Self motivation,Numeracy,Time Management,Written Communication,Problem Solving,STEM
Male,Flexible,Move Often,Problem Solving,Problem Solving,Verbal Communication,Verbal Communication,Negotiating,GAS
Female,Flexible,Move Often,Time Management,Negotiating,Analytical Ability,Written Communication,Written Communication,TVL
Male,Abroad,Move Often,Decision Making,Flexibility,Leadership,Creative Thinking,Time Management,STEM
Male,Abroad,Move Often,Decision Making,Flexibility,Numeracy,Team Work,Flexibility,GAS
Female,Abroad,Work from anywhere,Flexibility,Commercial Awareness,Negotiating,Commercial Awareness,Analytical Ability,HUMSS
Female,Suburban Area,Stay in one place,Self motivation,Creative Thinking,Leadership,Flexibility,Verbal Communication,ABM
Female,City,Work from anywhere,Analytical Ability,Negotiating,Team Work,Analytical Ability,Flexibility,STEM
Female,Suburban Area,Stay in one place,Negotiating,Written Communication,Team Work,Leadership,Numeracy,HUMSS
Female,Suburban Area,Move Often,Decision Making,Leadership,Time Management,Analytical Ability,Leadership,STEM
Male,Flexible,Work from anywhere,Commercial Awareness,Numeracy,Negotiating,Decision Making,Creative Thinking,STEM
Male,Abroad,Work from anywhere,Analytical Ability,Flexibility,Leadership,Self motivation,Negotiating,ABM
Male,Flexible,Stay in one place,Decision Making,Commercial Awareness,Creative Thinking,Negotiating,Time Management,ABM
Male,Rural Area,Work from anywhere,Written Communication,Negotiating,Commercial Awareness,Leadership,Time Management,STEM
Male,Abroad,Stay in one place,Self motivation,Self motivation,Time Management,Commercial Awareness,Decision Making,STEM
Female,Rural Area,Move Often,Numeracy,Numeracy,Leadership,Self motivation,Written Communication,GAS
Male,Suburban Area,Work from anywhere,Negotiating,Verbal Communication,Numeracy,Time Management,Time Management,TVL
Female,Flexible,Work from anywhere,Problem Solving,Analytical Ability,Leadership,Commercial Awareness,Commercial Awareness,ABM
Female,Rural Area,Flexibility,Creative Thinking,Negotiating,Problem Solving,Problem Solving,Team Work,TVL
Female,Rural Area,Flexibility,Numeracy,Negotiating,Negotiating,Leadership,Creative Thinking,STEM
Female,Suburban Area,Move Often,Flexibility,Verbal Communication,Self motivation,Numeracy,Time Management,TVL
Male,Suburban Area,Flexibility,Leadership,Problem Solving,Numeracy,Problem Solving,Numeracy,GAS
Female,Suburban Area,Move Often,Commercial Awareness,Leadership,Commercial Awareness,Team Work,Team Work,ABM
Female,City,Flexibility,Self motivation,Written Communication,Numeracy,Leadership,Problem Solving,TVL
Female,Suburban Area,Move Often,Numeracy,Time Management,Time Management,Commercial Awareness,Negotiating,HUMSS
Male,Flexible,Work from anywhere,Written Communication,Decision Making,Problem Solving,Written Communication,Commercial Awareness,ABM
Male,Rural Area,Move Often,Flexibility,Team Work,Time Management,Decision Making,Verbal Communication,STEM
Female,City,Move Often,Leadership,Numeracy,Negotiating,Time Management,Leadership,ABM
Female,City,Work from anywhere,Commercial Awareness,Flexibility,Flexibility,Team Work,Problem Solving,HUMSS
Female,City,Flexibility,Decision Making,Creative Thinking,Negotiating,Self motivation,Flexibility,HUMSS
Male,Flexible,Flexibility,Self motivation,Analytical Ability,Time Management,Negotiating,Flexibility,ABM
Female,Rural Area,Move Often,Decision Making,Written Communication,Verbal Communication,Numeracy,Written Communication,ABM
Female,Abroad,Stay in one place,Problem Solving,Team Work,Leadership,Verbal Communication,Creative Thinking,HUMSS
Female,City,Move Often,Problem Solving,Analytical Ability,Numeracy,Written Communication,Written Communication,HUMSS
Male,Flexible,Flexibility,Flexibility,Verbal Communication,Negotiating,Numeracy,Leadership,HUMSS
Male,City,Flexibility,Time Management,Decision Making,Numeracy,Time Management,Analytical Ability,HUMSS
Female,Abroad,Flexibility,Written Communication,Commercial Awareness,Team Work,Leadership,Leadership,HUMSS
Male,Suburban Area,Work from anywhere,Problem Solving,Leadership,Creative Thinking,Team Work,Leadership,ABM
Male,Rural Area,Stay in one place,Analytical Ability,Flexibility,Leadership,Written Communication,Decision Making,STEM
Female,Abroad,Move Often,Creative Thinking,Leadership,Self motivation,Numeracy,Creative Thinking,GAS
Male,City,Flexibility,Analytical Ability,Time Management,Commercial Awareness,Analytical Ability,Analytical Ability,GAS
Male,City,Work from anywhere,Verbal Communication,Creative Thinking,Analytical Ability,Self motivation,Creative Thinking,HUMSS
Male,Rural Area,Work from anywhere,Flexibility,Analytical Ability,Commercial Awareness,Commercial Awareness,Analytical Ability,ABM
Female,City,Flexibility,Leadership,Written Communication,Creative Thinking,Problem Solving,Written Communication,ABM
Female,Flexible,Move Often,Written Communication,Numeracy,Flexibility,Flexibility,Analytical Ability,GAS
Female,Abroad,Work from anywhere,Team Work,Analytical Ability,Written Communication,Team Work,Problem Solving,STEM
Female,Abroad,Work from anywhere,Verbal Communication,Written Communication,Analytical Ability,Problem Solving,Decision Making,HUMSS
Female,Suburban Area,Flexibility,Flexibility,Written Communication,Analytical Ability,Creative Thinking,Time Management,TVL
Female,Rural Area,Work from anywhere,Negotiating,Decision Making,Decision Making,Negotiating,Creative Thinking,GAS
Male,Flexible,Stay in one place,Analytical Ability,Flexibility,Numeracy,Problem Solving,Written Communication,GAS
Male,City,Move Often,Numeracy,Numeracy,Creative Thinking,Written Communication,Verbal Communication,GAS
Male,Rural Area,Stay in one place,Numeracy,Decision Making,Creative Thinking,Creative Thinking,Written Communication,ABM
Female,Abroad,Move Often,Decision Making,Written Communication,Analytical Ability,Written Communication,Negotiating,HUMSS
Female,Flexible,Flexibility,Commercial Awareness,Decision Making,Flexibility,Creative Thinking,Team Work,ABM
Female,Flexible,Move Often,Self motivation,Creative Thinking,Problem Solving,Leadership,Self motivation,STEM
Male,Suburban Area,Stay in one place,Time Management,Team Work,Flexibility,Written Communication,Creative Thinking,ABM
Male,Rural Area,Flexibility,Commercial Awareness,Commercial Awareness,Leadership,Commercial Awareness,Commercial Awareness,HUMSS
Male,Rural Area,Work from anywhere,Self motivation,Numeracy,Leadership,Self motivation,Self motivation,GAS
Female,Suburban Area,Work from anywhere,Commercial Awareness,Creative Thinking,Self motivation,Team Work,Problem Solving,GAS
Male,Suburban Area,Flexibility,Analytical Ability,Self motivation,Flexibility,Numeracy,Time Management,TVL
Male,Flexible,Flexibility,Negotiating,Commercial Awareness,Negotiating,Written Communication,Creative Thinking,TVL
Female,City,Move Often,Leadership,Flexibility,Self motivation,Negotiating,Time Management,HUMSS
Male,Suburban Area,Move Often,Creative Thinking,Negotiating,Decision Making,Self motivation,Written Communication,HUMSS
Male,Abroad,Work from anywhere,Decision Making,Numeracy,Verbal Communication,Leadership,Written Communication,HUMSS
Male,Flexible,Stay in one place,Leadership,Negotiating,Self motivation,Self motivation,Analytical Ability,STEM
Female,City,Stay in one place,Written Communication,Verbal Communication,Team Work,Leadership,Time Management,TVL
Female,Flexible,Move Often,Team Work,Commercial Awareness,Analytical Ability,Self motivation,Analytical Ability,TVL
Male,City,Flexibility,Team Work,Analytical Ability,Flexibility,Self motivation,Leadership,GAS
Female,Flexible,Stay in one place,Written Communication,Commercial Awareness,Commercial Awareness,Negotiating,Verbal Communication,HUMSS
Male,Flexible,Stay in one place,Decision Making,Problem Solving,Self motivation,Self motivation,Verbal Communication,HUMSS
Male,City,Move Often,Commercial Awareness,Time Management,Commercial Awareness,Self motivation,Commercial Awareness,HUMSS
Female,Flexible,Stay in one place,Creative Thinking,Analytical Ability,Numeracy,Flexibility,Commercial Awareness,GAS
Female,Rural Area,Flexibility,Creative Thinking,Creative Thinking,Decision Making,Flexibility,Numeracy,TVL
Male,City,Move Often,Analytical Ability,Flexibility,Leadership,Commercial Awareness,Decision Making,TVL
Male,Flexible,Flexibility,Decision Making,Problem Solving,Written Communication,Flexibility,Leadership,HUMSS
Female,Suburban Area,Work from anywhere,Self motivation,Problem Solving,Negotiating,Creative Thinking,Commercial Awareness,GAS
Male,Flexible,Flexibility,Written Communication,Team Work,Leadership,Written Communication,Numeracy,GAS
Male,Suburban Area,Stay in one place,Flexibility,Negotiating,Team Work,Verbal Communication,Team Work,STEM
Female,Suburban Area,Flexibility,Problem Solving,Analytical Ability,Leadership,Written Communication,Decision Making,STEM
Male,Flexible,Move Often,Time Management,Decision Making,Leadership,Numeracy,Decision Making,GAS
Female,City,Flexibility,Numeracy,Team Work,Commercial Awareness,Self motivation,Flexibility,ABM
Male,City,Stay in one place,Verbal Communication,Problem Solving,Problem Solving,Team Work,Leadership,GAS
Female,Flexible,Move Often,Decision Making,Verbal Communication,Verbal Communication,Time Management,Problem Solving,GAS
Male,City,Work from anywhere,Self motivation,Commercial Awareness,Decision Making,Numeracy,Numeracy,TVL
Female,Rural Area,Move Often,Flexibility,Negotiating,Decision Making,Commercial Awareness,Decision Making,GAS
Female,Suburban Area,Stay in one place,Time Management,Problem Solving,Self motivation,Numeracy,Team Work,HUMSS
Female,Abroad,Flexibility,Problem Solving,Negotiating,Numeracy,Written Communication,Written Communication,TVL
Female,Rural Area,Move Often,Negotiating,Problem Solving,Numeracy,Leadership,Time Management,STEM
Male,Rural Area,Stay in one place,Commercial Awareness,Time Management,Problem Solving,Negotiating,Flexibility,HUMSS
Female,Rural Area,Work from anywhere,Written Communication,Written Communication,Written Communication,Decision Making,Leadership,STEM
Female,Rural Area,Flexibility,Commercial Awareness,Team Work,Team Work,Flexibility,Decision Making,GAS
Male,Abroad,Work from anywhere,Leadership,Leadership,Self motivation,Creative Thinking,Leadership,TVL
Female,Flexible,Stay in one place,Numeracy,Problem Solving,Analytical Ability,Negotiating,Problem Solving,ABM
Male,Abroad,Work from anywhere,Flexibility,Numeracy,Numeracy,Team Work,Leadership,TVL
Male,Abroad,Stay in one place,Self motivation,Creative Thinking,Verbal Communication,Time Management,Negotiating,GAS
Male,Rural Area,Work from anywhere,Creative Thinking,Verbal Communication,Decision Making,Creative Thinking,Negotiating,ABM
Male,Rural Area,Move Often,Problem Solving,Negotiating,Leadership,Self motivation,Time Management,ABM
Male,Rural Area,Stay in one place,Leadership,Time Management,Self motivation,Verbal Communication,Commercial Awareness,HUMSS
Male,Rural Area,Stay in one place,Numeracy,Analytical Ability,Team Work,Problem Solving,Team Work,HUMSS
Male,Rural Area,Flexibility,Written Communication,Analytical Ability,Negotiating,Decision Making,Self motivation,HUMSS
Male,Suburban Area,Move Often,Verbal Communication,Verbal Communication,Time Management,Negotiating,Creative Thinking,TVL
Female,Flexible,Flexibility,Commercial Awareness,Flexibility,Leadership,Decision Making,Written Communication,STEM
Female,Flexible,Work from anywhere,Problem Solving,Negotiating,Team Work,Numeracy,Creative Thinking,STEM
Female,Rural Area,Move Often,Team Work,Leadership,Self motivation,Verbal Communication,Decision Making,STEM
Male,Rural Area,Work from anywhere,Creative Thinking,Self motivation,Negotiating,Problem Solving,Team Work,GAS
Male,Suburban Area,Stay in one place,Team Work,Verbal Communication,Team Work,Problem Solving,Flexibility,HUMSS
Female,City,Work from anywhere,Team Work,Self motivation,Commercial Awareness,Creative Thinking,Flexibility,ABM
Female,Rural Area,Flexibility,Self motivation,Team Work,Analytical Ability,Written Communication,Time Management,GAS
Female,Rural Area,Work from anywhere,Decision Making,Creative Thinking,Problem Solving,Time Management,Time Management,ABM
Female,Flexible,Work from anywhere,Written Communication,Creative Thinking,Analytical Ability,Verbal Communication,Time Management,HUMSS
Female,Rural Area,Stay in one place,Team Work,Self motivation,Leadership,Flexibility,Creative Thinking,ABM
Male,Rural Area,Work from anywhere,Self motivation,Decision Making,Written Communication,Time Management,Flexibility,ABM
Male,Rural Area,Move Often,Verbal Communication,Verbal Communication,Verbal Communication,Negotiating,Flexibility,STEM
Female,City,Move Often,Verbal Communication,Time Management,Creative Thinking,Flexibility,Creative Thinking,TVL
Female,Suburban Area,Stay in one place,Problem Solving,Time Management,Time Management,Time Management,Negotiating,GAS
Female,Suburban Area,Work from anywhere,Commercial Awareness,Leadership,Flexibility,Self motivation,Problem Solving,TVL
Male,City,Stay in one place,Time Management,Analytical Ability,Verbal Communication,Creative Thinking,Decision Making,HUMSS
Male,Suburban Area,Move Often,Leadership,Numeracy,Time Management,Written Communication,Commercial Awareness,STEM
Male,City,Stay in one place,Numeracy,Leadership,Numeracy,Numeracy,Leadership,STEM
Female,Suburban Area,Move Often,Commercial Awareness,Analytical Ability,Time Management,Leadership,Negotiating,TVL
Male,City,Stay in one place,Verbal Communication,Creative Thinking,Verbal Communication,Flexibility,Analytical Ability,ABM
Female,Flexible,Work from anywhere,Decision Making,Numeracy,Creative Thinking,Self motivation,Commercial Awareness,GAS
Male,Abroad,Flexibility,Negotiating,Numeracy,Leadership,Numeracy,Numeracy,GAS
Male,Suburban Area,Move Often,Negotiating,Commercial Awareness,Analytical Ability,Creative Thinking,Self motivation,GAS
Female,Suburban Area,Move Often,Creative Thinking,Problem Solving,Verbal Communication,Written Communication,Leadership,GAS
Female,City,Stay in one place,Self motivation,Self motivation,Analytical Ability,Time Management,Numeracy,TVL
Female,Abroad,Stay in one place,Problem Solving,Leadership,Time Management,Written Communication,Problem Solving,ABM
Female,Suburban Area,Stay in one place,Problem Solving,Commercial Awareness,Written Communication,Written Communication,Team Work,HUMSS
Male,Rural Area,Work from anywhere,Analytical Ability,Time Management,Analytical Ability,Self motivation,Numeracy,HUMSS
Female,Rural Area,Work from anywhere,Flexibility,Self motivation,Self motivation,Flexibility,Decision Making,STEM
Female,Abroad,Flexibility,Numeracy,Decision Making,Analytical Ability,Verbal Communication,Commercial Awareness,ABM
Male,City,Work from anywhere,Written Communication,Time Management,Numeracy,Team Work,Self motivation,STEM
Male,Suburban Area,Move Often,Self motivation,Analytical Ability,Leadership,Flexibility,Written Communication,ABM
Female,Flexible,Flexibility,Negotiating,Time Management,Decision Making,Time Management,Verbal Communication,TVL
Male,Flexible,Work from anywhere,Written Communication,Problem Solving,Analytical Ability,Flexibility,Time Management,HUMSS
Female,City,Work from anywhere,Commercial Awareness,Verbal Communication,Self motivation,Numeracy,Written Communication,HUMSS
Female,Rural Area,Stay in one place,Analytical Ability,Commercial Awareness,Written Communication,Creative Thinking,Verbal Communication,GAS
Female,Abroad,Stay in one place,Commercial Awareness,Creative Thinking,Decision Making,Flexibility,Numeracy,ABM
Male,Abroad,Move Often,Flexibility,Written Communication,Flexibility,Numeracy,Problem Solving,GAS
Male,Abroad,Move Often,Verbal Communication,Decision Making,Analytical Ability,Verbal Communication,Leadership,ABM
Female,Flexible,Flexibility,Decision Making,Commercial Awareness,Written Communication,Problem Solving,Time Management,TVL
Female,Abroad,Stay in one place,Problem Solving,Decision Making,Time Management,Self motivation,Leadership,HUMSS
Female,Abroad,Stay in one place,Flexibility,Creative Thinking,Self motivation,Time Management,Problem Solving,GAS
Male,Rural Area,Flexibility,Team Work,Creative Thinking,Commercial Awareness,Verbal Communication,Leadership,ABM
Female,Suburban Area,Move Often,Numeracy,Negotiating,Time Management,Decision Making,Decision Making,GAS
Female,City,Stay in one place,Decision Making,Written Communication,Creative Thinking,Creative Thinking,Numeracy,STEM
Male,Abroad,Flexibility,Verbal Communication,Decision Making,Leadership,Time Management,Self motivation,GAS
Female,Rural Area,Flexibility,Creative Thinking,Self motivation,Time Management,Analytical Ability,Leadership,ABM
Female,Flexible,Move Often,Verbal Communication,Commercial Awareness,Team Work,Verbal Communication,Numeracy,HUMSS
Male,Abroad,Work from anywhere,Self motivation,Numeracy,Time Management,Leadership,Decision Making,GAS
Male,Abroad,Stay in one place,Problem Solving,Team Work,Self motivation,Problem Solving,Verbal Communication,HUMSS
Female,City,Flexibility,Self motivation,Problem Solving,Commercial Awareness,Negotiating,Commercial Awareness,ABM
Female,Abroad,Flexibility,Time Management,Verbal Communication,Flexibility,Analytical Ability,Numeracy,HUMSS
Male,Suburban Area,Move Often,Numeracy,Time Management,Numeracy,Commercial Awareness,Analytical Ability,ABM
Male,Suburban Area,Stay in one place,Commercial Awareness,Problem Solving,Creative Thinking,Verbal Communication,Self motivation,GAS
Male,Flexible,Work from anywhere,Problem Solving,Flexibility,Numeracy,Written Communication,Analytical Ability,STEM
Male,Suburban Area,Work from anywhere,Leadership,Team Work,Problem Solving,Time Management,Team Work,HUMSS
Female,City,Stay in one place,Time Management,Team Work,Commercial Awareness,Verbal Communication,Written Communication,HUMSS
Male,City,Work from anywhere,Decision Making,Commercial Awareness,Leadership,Analytical Ability,Creative Thinking,STEM
Male,Rural Area,Move Often,Decision Making,Team Work,Verbal Communication,Numeracy,Verbal Communication,ABM
Female,Rural Area,Work from anywhere,Commercial Awareness,Leadership,Verbal Communication,Creative Thinking,Verbal Communication,TVL
Female,City,Stay in one place,Self motivation,Leadership,Flexibility,Written Communication,Commercial Awareness,STEM
Female,Abroad,Stay in one place,Decision Making,Written Communication,Decision Making,Written Communication,Self motivation,GAS
Male,Suburban Area,Work from anywhere,Commercial Awareness,Flexibility,Time Management,Time Management,Numeracy,ABM
Male,Flexible,Work from anywhere,Written Communication,Verbal Communication,Analytical Ability,Flexibility,Problem Solving,GAS
Male,Suburban Area,Flexibility,Commercial Awareness,Creative Thinking,Leadership,Time Management,Self motivation,ABM
Female,Rural Area,Move Often,Negotiating,Negotiating,Analytical Ability,Verbal Communication,Leadership,STEM
Female,Flexible,Work from anywhere,Problem Solving,Commercial Awareness,Team Work,Self motivation,Self motivation,ABM
Male,Abroad,Stay in one place,Analytical Ability,Analytical Ability,Numeracy,Leadership,Written Communication,ABM
Male,City,Stay in one place,Numeracy,Commercial Awareness,Self motivation,Self motivation,Creative Thinking,TVL
Female,City,Move Often,Written Communication,Problem Solving,Numeracy,Leadership,Time Management,GAS
Female,Rural Area,Flexibility,Analytical Ability,Commercial Awareness,Analytical Ability,Numeracy,Written Communication,TVL
Male,Abroad,Flexibility,Self motivation,Negotiating,Creative Thinking,Creative Thinking,Flexibility,STEM
Male,Rural Area,Flexibility,Numeracy,Flexibility,Numeracy,Written Communication,Flexibility,HUMSS
Female,City,Flexibility,Flexibility,Decision Making,Creative Thinking,Time Management,Self motivation,GAS
Male,Suburban Area,Work from anywhere,Creative Thinking,Decision Making,Written Communication,Commercial Awareness,Self motivation,ABM
Female,Suburban Area,Work from anywhere,Analytical Ability,Team Work,Negotiating,Analytical Ability,Negotiating,GAS
Male,City,Flexibility,Problem Solving,Decision Making,Flexibility,Problem Solving,Commercial Awareness,GAS
Male,Abroad,Work from anywhere,Commercial Awareness,Creative Thinking,Commercial Awareness,Team Work,Creative Thinking,ABM
Female,Flexible,Move Often,Team Work,Creative Thinking,Time Management,Decision Making,Creative Thinking,STEM
Male,Flexible,Move Often,Self motivation,Team Work,Numeracy,Self motivation,Time Management,ABM
Male,Rural Area,Move Often,Creative Thinking,Time Management,Problem Solving,Numeracy,Flexibility,STEM
Female,Flexible,Work from anywhere,Written Communication,Commercial Awareness,Problem Solving,Decision Making,Creative Thinking,GAS
Male,Suburban Area,Stay in one place,Negotiating,Problem Solving,Problem Solving,Flexibility,Commercial Awareness,STEM
Female,Flexible,Work from anywhere,Verbal Communication,Flexibility,Leadership,Commercial Awareness,Numeracy,GAS
Male,Abroad,Work from anywhere,Creative Thinking,Leadership,Negotiating,Self motivation,Written Communication,TVL
Female,City,Stay in one place,Negotiating,Flexibility,Verbal Communication,Verbal Communication,Flexibility,GAS
Male,Rural Area,Stay in one place,Decision Making,Time Management,Written Communication,Verbal Communication,Decision Making,STEM
Female,Rural Area,Flexibility,Negotiating,Time Management,Verbal Communication,Creative Thinking,Decision Making,GAS
Female,City,Stay in one place,Negotiating,Decision Making,Commercial Awareness,Written Communication,Numeracy,ABM
Male,City,Flexibility,Flexibility,Negotiating,Commercial Awareness,Problem Solving,Time Management,STEM
Female,Flexible,Work from anywhere,Negotiating,Written Communication,Creative Thinking,Analytical Ability,Analytical Ability,STEM
Male,City,Stay in one place,Self motivation,Problem Solving,Verbal Communication,Decision Making,Leadership,STEM
Female,Abroad,Move Often,Written Communication,Team Work,Self motivation,Creative Thinking,Written Communication,HUMSS
Female,Suburban Area,Move Often,Decision Making,Numeracy,Written Communication,Leadership,Flexibility,STEM
Female,Suburban Area,Flexibility,Self motivation,Negotiating,Flexibility,Commercial Awareness,Self motivation,GAS
Female,Flexible,Flexibility,Decision Making,Self motivation,Problem Solving,Team Work,Numeracy,ABM
Female,City,Move Often,Negotiating,Analytical Ability,Numeracy,Leadership,Commercial Awareness,ABM
Female,Abroad,Work from anywhere,Team Work,Verbal Communication,Flexibility,Team Work,Leadership,GAS
Female,City,Move Often,Numeracy,Problem Solving,Verbal Communication,Numeracy,Commercial Awareness,GAS
Female,Rural Area,Work from anywhere,Problem Solving,Numeracy,Flexibility,Numeracy,Problem Solving,GAS
Female,Suburban Area,Move Often,Creative Thinking,Commercial Awareness,Written Communication,Verbal Communication,Self motivation,HUMSS
Male,Suburban Area,Move Often,Leadership,Problem Solving,Team Work,Negotiating,Flexibility,ABM
Female,Rural Area,Flexibility,Negotiating,Negotiating,Analytical Ability,Decision Making,Time Management,HUMSS
Male,Flexible,Work from anywhere,Creative Thinking,Commercial Awareness,Negotiating,Decision Making,Self motivation,GAS
Female,City,Flexibility,Commercial Awareness,Numeracy,Creative Thinking,Time Management,Flexibility,GAS
Female,City,Move Often,Decision Making,Team Work,Written Communication,Creative Thinking,Flexibility,GAS
Male,Suburban Area,Flexibility,Leadership,Analytical Ability,Creative Thinking,Commercial Awareness,Creative Thinking,HUMSS
Female,Suburban Area,Flexibility,Decision Making,Verbal Communication,Problem Solving,Decision Making,Analytical Ability,ABM
Female,Abroad,Work from anywhere,Creative Thinking,Analytical Ability,Commercial Awareness,Problem Solving,Leadership,GAS
Male,Abroad,Stay in one place,Leadership,Self motivation,Flexibility,Decision Making,Problem Solving,HUMSS
Female,Abroad,Stay in one place,Negotiating,Written Communication,Decision Making,Leadership,Analytical Ability,HUMSS
Female,Suburban Area,Move Often,Decision Making,Written Communication,Self motivation,Decision Making,Flexibility,HUMSS
Female,City,Move Often,Problem Solving,Written Communication,Written Communication,Problem Solving,Problem Solving,HUMSS
Female,Suburban Area,Stay in one place,Verbal Communication,Team Work,Flexibility,Verbal Communication,Flexibility,TVL
Female,Suburban Area,Stay in one place,Written Communication,Team Work,Numeracy,Decision Making,Verbal Communication,GAS
Female,Flexible,Stay in one place,Verbal Communication,Creative Thinking,Decision Making,Flexibility,Numeracy,TVL
Female,Rural Area,Flexibility,Analytical Ability,Commercial Awareness,Flexibility,Creative Thinking,Problem Solving,STEM
Male,Abroad,Stay in one place,Commercial Awareness,Time Management,Decision Making,Team Work,Numeracy,HUMSS
Female,Suburban Area,Flexibility,Leadership,Analytical Ability,Commercial Awareness,Flexibility,Analytical Ability,HUMSS
Female,Rural Area,Move Often,Self motivation,Verbal Communication,Flexibility,Analytical Ability,Leadership,STEM
Male,Abroad,Move Often,Team Work,Team Work,Creative Thinking,Numeracy,Numeracy,ABM
Male,Suburban Area,Flexibility,Written Communication,Written Communication,Commercial Awareness,Analytical Ability,Leadership,TVL
Male,City,Stay in one place,Negotiating,Commercial Awareness,Flexibility,Problem Solving,Leadership,GAS
Female,City,Move Often,Decision Making,Decision Making,Decision Making,Negotiating,Self motivation,ABM
Female,City,Stay in one place,Problem Solving,Negotiating,Negotiating,Problem Solving,Problem Solving,HUMSS
Female,City,Stay in one place,Decision Making,Creative Thinking,Verbal Communication,Written Communication,Commercial Awareness,ABM
Female,City,Work from anywhere,Verbal Communication,Flexibility,Analytical Ability,Written Communication,Time Management,HUMSS
Male,Suburban Area,Stay in one place,Team Work,Time Management,Written Communication,Numeracy,Analytical Ability,STEM
Female,Flexible,Work from anywhere,Leadership,Creative Thinking,Time Management,Problem Solving,Written Communication,GAS
Female,City,Move Often,Self motivation,Written Communication,Team Work,Commercial Awareness,Time Management,STEM
Male,Flexible,Work from anywhere,Creative Thinking,Commercial Awareness,Time Management,Commercial Awareness,Decision Making,ABM
Male,Rural Area,Stay in one place,Time Management,Written Communication,Numeracy,Analytical Ability,Flexibility,TVL
Male,Abroad,Work from anywhere,Time Management,Decision Making,Analytical Ability,Analytical Ability,Leadership,GAS
Female,Flexible,Move Often,Negotiating,Creative Thinking,Time Management,Team Work,Team Work,HUMSS
Male,Rural Area,Move Often,Numeracy,Problem Solving,Analytical Ability,Decision Making,Time Management,TVL
Male,Rural Area,Work from anywhere,Analytical Ability,Team Work,Leadership,Numeracy,Negotiating,GAS
Male,Suburban Area,Stay in one place,Flexibility,Team Work,Self motivation,Analytical Ability,Flexibility,HUMSS
Female,Suburban Area,Flexibility,Leadership,Commercial Awareness,Flexibility,Decision Making,Written Communication,STEM
Female,Rural Area,Flexibility,Creative Thinking,Written Communication,Time Management,Leadership,Analytical Ability,STEM
Female,Rural Area,Work from anywhere,Time Management,Problem Solving,Written Communication,Commercial Awareness,Written Communication,TVL
Female,Abroad,Work from anywhere,Negotiating,Verbal Communication,Negotiating,Verbal Communication,Team Work,GAS
Female,City,Flexibility,Time Management,Problem Solving,Team Work,Problem Solving,Decision Making,ABM
Female,City,Stay in one place,Self motivation,Creative Thinking,Analytical Ability,Creative Thinking,Analytical Ability,ABM
Male,City,Stay in one place,Negotiating,Problem Solving,Commercial Awareness,Leadership,Analytical Ability,HUMSS
Female,Flexible,Work from anywhere,Numeracy,Creative Thinking,Negotiating,Written Communication,Numeracy,STEM
Male,Suburban Area,Work from anywhere,Commercial Awareness,Written Communication,Commercial Awareness,Team Work,Team Work,GAS
Male,Rural Area,Flexibility,Problem Solving,Written Communication,Analytical Ability,Flexibility,Commercial Awareness,TVL
Female,City,Move Often,Verbal Communication,Time Management,Leadership,Leadership,Decision Making,HUMSS
Male,Abroad,Stay in one place,Team Work,Numeracy,Written Communication,Creative Thinking,Verbal Communication,TVL
Male,Suburban Area,Stay in one place,Self motivation,Creative Thinking,Time Management,Time Management,Creative Thinking,GAS
Male,Rural Area,Flexibility,Negotiating,Creative Thinking,Written Communication,Verbal Communication,Written Communication,TVL
Male,Suburban Area,Work from anywhere,Time Management,Commercial Awareness,Numeracy,Commercial Awareness,Leadership,GAS
Female,City,Stay in one place,Problem Solving,Team Work,Commercial Awareness,Self motivation,Written Communication,STEM
Male,Suburban Area,Flexibility,Creative Thinking,Written Communication,Problem Solving,Written Communication,Team Work,STEM
Male,City,Work from anywhere,Team Work,Commercial Awareness,Team Work,Written Communication,Numeracy,GAS
Female,Rural Area,Flexibility,Numeracy,Verbal Communication,Flexibility,Creative Thinking,Creative Thinking,STEM
Female,Flexible,Work from anywhere,Self motivation,Negotiating,Negotiating,Negotiating,Problem Solving,ABM
Male,City,Stay in one place,Negotiating,Flexibility,Analytical Ability,Commercial Awareness,Time Management,TVL
Male,Flexible,Work from anywhere,Leadership,Negotiating,Leadership,Commercial Awareness,Flexibility,GAS
Male,Suburban Area,Move Often,Self motivation,Analytical Ability,Verbal Communication,Creative Thinking,Flexibility,TVL
Female,Abroad,Move Often,Decision Making,Numeracy,Verbal Communication,Team Work,Team Work,TVL
